user_id,account_id,account_type,balance,interest_rate,opening_date
1,1,credit,116.08,0.0326,2023-12-31
1,2,credit,2230.22,0.0169,2024-09-27
2,3,checking,2683.04,0.0168,2023-04-02
2,4,checking,6614.54,0.0467,2021-07-03
2,5,credit,1665.5,0.0377,2023-10-26
3,6,checking,726.12,0.0435,2021-03-27
3,7,checking,9892.28,0.0042,2022-10-06
4,8,checking,3788.81,0.0484,2022-09-06
5,9,savings,8851.15,0.0244,2025-01-28
5,10,savings,3589.94,0.0383,2021-12-27
6,11,savings,8428.83,0.0076,2023-10-17
6,12,checking,5218.71,0.0095,2022-04-12
6,13,credit,2301.9,0.0361,2023-04-17
7,14,credit,2284.86,0.0381,2020-11-18
7,15,savings,3166.3,0.0209,2021-09-13
7,16,checking,1793.89,0.018,2022-10-22
8,17,checking,3410.43,0.0035,2023-12-17
9,18,savings,11662.33,0.0006,2023-10-05
10,19,checking,0.0,0.03,2021-07-02
10,20,credit,1509.8,0.0169,2023-01-07
11,21,checking,1691.32,0.0426,2021-09-28
11,22,checking,6293.49,0.0467,2024-06-07
11,23,checking,6008.66,0.0449,2024-07-19
12,24,credit,2993.03,0.0449,2024-04-12
12,25,checking,4256.77,0.0283,2023-08-26
13,26,savings,12014.67,0.0425,2023-06-17
13,27,checking,5131.03,0.0229,2023-11-26
14,28,savings,16090.99,0.0372,2025-03-03
14,29,checking,6963.14,0.0068,2022-11-21
14,30,checking,992.58,0.006,2023-03-03
15,31,checking,4934.85,0.0126,2023-06-30
15,32,credit,1433.04,0.0474,2020-09-14
15,33,checking,9223.68,0.0485,2021-06-13
16,34,checking,1009.64,0.0433,2021-08-01
16,35,credit,2326.33,0.0072,2023-02-22
16,36,savings,7946.24,0.0427,2024-01-08
17,37,savings,17622.16,0.011,2020-10-08
17,38,savings,7104.72,0.0078,2024-12-13
17,39,credit,2505.74,0.0277,2024-07-07
18,40,checking,2881.0,0.0472,2021-08-01
18,41,savings,12404.34,0.0302,2023-03-26
19,42,savings,9497.62,0.0317,2020-05-07
19,43,checking,9479.26,0.0473,2024-03-11
20,44,checking,0.0,0.0097,2021-08-14
20,45,credit,1197.28,0.0146,2022-06-29
21,46,credit,2394.41,0.0394,2020-12-08
21,47,credit,3086.6,0.0199,2022-02-17
21,48,credit,2081.55,0.0088,2022-07-21
22,49,credit,2179.85,0.0,2023-02-04
23,50,credit,2039.66,0.0477,2020-09-30
23,51,checking,4693.98,0.0057,2023-06-07
23,52,credit,1981.41,0.0482,2023-12-08
24,53,savings,8069.43,0.0017,2023-05-09
25,54,checking,3252.61,0.0178,2020-11-28
25,55,credit,1517.33,0.0284,2024-09-17
25,56,credit,2468.17,0.0127,2024-01-22
26,57,savings,1602.9,0.0092,2021-07-24
26,58,savings,2734.23,0.0436,2023-11-30
27,59,checking,4833.29,0.0015,2021-05-17
27,60,credit,1888.15,0.0497,2023-05-15
28,61,credit,1101.3,0.0078,2024-01-29
28,62,credit,1820.64,0.0284,2022-01-26
29,63,credit,3538.29,0.0445,2024-03-16
30,64,checking,7768.41,0.0207,2022-01-04
31,65,savings,2879.93,0.0419,2020-12-24
32,66,credit,3251.95,0.0181,2020-04-24
32,67,checking,2929.7,0.0164,2021-11-26
33,68,credit,199.53,0.0348,2025-03-04
34,69,checking,468.0,0.0107,2024-06-04
34,70,credit,685.69,0.0138,2021-05-14
35,71,credit,2218.11,0.0479,2023-08-12
35,72,checking,2812.95,0.0046,2023-12-21
36,73,credit,1681.32,0.0017,2022-10-20
36,74,checking,6412.31,0.0391,2022-03-17
36,75,savings,5857.51,0.0288,2023-05-19
37,76,credit,1119.98,0.0388,2020-10-16
37,77,checking,7687.87,0.0034,2020-10-27
38,78,savings,9913.72,0.0104,2024-04-04
39,79,checking,0.0,0.0089,2024-03-06
39,80,checking,7510.2,0.0295,2020-12-14
40,81,checking,10025.82,0.0373,2023-11-08
40,82,checking,9812.49,0.0439,2022-11-13
40,83,savings,18782.89,0.0177,2021-11-04
41,84,savings,7853.09,0.0255,2025-03-18
41,85,checking,2577.77,0.0211,2022-07-13
41,86,savings,12379.23,0.0267,2021-08-14
42,87,checking,1859.11,0.0499,2021-06-04
42,88,checking,4316.34,0.0429,2022-04-18
43,89,savings,18442.4,0.0051,2023-05-18
44,90,checking,7699.85,0.0273,2024-09-17
44,91,savings,5106.49,0.0161,2023-05-16
45,92,savings,7986.71,0.0084,2022-10-30
46,93,credit,2230.09,0.0442,2022-12-29
46,94,savings,17584.73,0.0332,2024-03-19
47,95,credit,1752.37,0.0458,2021-02-21
47,96,checking,0.0,0.0349,2024-11-23
47,97,savings,15812.47,0.0437,2021-11-15
48,98,checking,6228.2,0.0289,2025-02-06
48,99,checking,4176.82,0.0006,2021-11-21
49,100,checking,8979.14,0.036,2023-10-21
49,101,savings,7795.13,0.0182,2021-07-03
49,102,credit,2750.24,0.0022,2024-08-25
50,103,savings,14570.58,0.0237,2020-08-21
51,104,savings,22013.95,0.0332,2022-11-20
51,105,credit,2330.55,0.0106,2025-02-14
51,106,savings,11923.09,0.0328,2024-02-17
52,107,checking,501.56,0.0187,2023-09-01
53,108,savings,7489.16,0.0333,2024-01-04
53,109,credit,1354.07,0.0115,2023-11-05
53,110,savings,14960.19,0.008,2022-05-13
54,111,checking,6554.85,0.0098,2023-12-07
54,112,checking,10554.69,0.0209,2023-10-07
55,113,savings,13814.51,0.0292,2022-08-11
56,114,checking,2887.98,0.0342,2021-02-17
56,115,checking,267.48,0.0186,2022-08-09
56,116,savings,8939.43,0.0016,2024-10-05
57,117,savings,13863.8,0.0494,2022-05-21
58,118,checking,4532.28,0.0255,2020-08-10
58,119,savings,6791.36,0.0347,2022-07-11
59,120,checking,9191.87,0.0033,2023-03-22
59,121,savings,17378.62,0.0452,2022-03-08
60,122,credit,3034.58,0.0021,2023-07-13
60,123,savings,5032.01,0.0054,2022-09-05
61,124,savings,3796.29,0.0098,2024-08-13
61,125,savings,9097.34,0.044,2023-06-05
62,126,savings,13635.88,0.0077,2020-12-03
62,127,savings,6143.98,0.0229,2024-06-08
62,128,checking,0.0,0.0282,2024-01-29
63,129,credit,2509.45,0.0418,2021-06-11
63,130,checking,6374.87,0.0429,2021-04-19
64,131,credit,242.8,0.0226,2020-03-29
64,132,checking,3150.37,0.0391,2024-02-01
64,133,checking,3876.52,0.0296,2022-09-08
65,134,checking,5408.84,0.0391,2023-07-25
66,135,checking,4802.17,0.0047,2024-05-31
67,136,credit,2224.69,0.0351,2022-02-05
68,137,savings,9498.29,0.0318,2023-09-11
69,138,savings,13366.48,0.0136,2020-05-03
69,139,savings,15015.19,0.0431,2025-03-16
69,140,checking,1195.92,0.0045,2020-09-12
70,141,savings,2050.81,0.0459,2025-01-01
71,142,savings,14854.61,0.0279,2020-04-10
71,143,savings,18135.01,0.0121,2022-02-17
71,144,savings,2123.07,0.026,2021-10-13
72,145,checking,1909.41,0.0428,2021-03-27
72,146,checking,8061.19,0.005,2023-07-16
72,147,savings,6986.19,0.0333,2022-01-14
73,148,credit,695.69,0.0022,2022-02-17
73,149,savings,618.99,0.0252,2024-06-12
74,150,checking,6483.09,0.0252,2022-06-04
74,151,checking,1447.76,0.0451,2023-12-09
74,152,savings,10585.77,0.0198,2021-09-05
75,153,savings,11883.9,0.0203,2021-01-04
76,154,credit,622.64,0.008,2024-10-26
77,155,savings,3346.21,0.0059,2022-10-17
77,156,checking,3893.65,0.0163,2022-06-24
78,157,credit,3214.44,0.0379,2022-07-25
78,158,checking,4216.15,0.002,2024-09-23
79,159,checking,5040.78,0.0311,2023-03-25
80,160,checking,4947.83,0.0259,2024-04-30
80,161,savings,12306.16,0.0218,2023-09-09
81,162,checking,3727.91,0.0158,2024-01-02
82,163,checking,5110.26,0.0184,2024-03-06
82,164,checking,10841.7,0.0249,2022-11-09
82,165,savings,10372.0,0.0369,2021-11-02
83,166,savings,17652.81,0.0117,2021-05-22
83,167,savings,3294.91,0.0205,2023-01-29
83,168,credit,2631.05,0.0052,2020-04-18
84,169,checking,4620.82,0.0419,2022-04-07
84,170,savings,1752.52,0.0025,2024-05-07
84,171,checking,5028.61,0.0069,2023-05-04
85,172,credit,3429.65,0.046,2023-01-12
85,173,checking,7340.44,0.0371,2020-10-30
85,174,savings,15229.96,0.0209,2022-10-13
86,175,savings,13325.33,0.0149,2023-10-19
86,176,checking,2744.79,0.0181,2024-03-12
86,177,checking,8181.11,0.0396,2024-03-09
87,178,credit,2596.75,0.0113,2022-04-27
87,179,savings,10746.32,0.0184,2023-03-25
87,180,savings,6496.69,0.0484,2022-03-06
88,181,savings,13214.06,0.0305,2025-02-03
88,182,credit,1781.07,0.0366,2024-12-05
88,183,credit,1688.91,0.0113,2021-03-02
89,184,savings,13872.46,0.0435,2023-01-01
90,185,credit,3101.67,0.0313,2022-09-13
91,186,checking,5447.05,0.0291,2024-09-10
91,187,savings,7359.64,0.0442,2024-08-15
92,188,savings,3470.71,0.0097,2023-06-16
92,189,credit,980.89,0.0121,2024-06-09
93,190,checking,418.2,0.0334,2024-07-26
93,191,credit,3320.38,0.0083,2022-01-05
93,192,credit,2775.35,0.0287,2022-04-04
94,193,credit,2005.47,0.021,2023-12-30
94,194,savings,15263.9,0.0109,2023-06-02
94,195,savings,5600.52,0.0408,2021-01-31
95,196,credit,3849.95,0.0394,2020-10-08
95,197,savings,8900.27,0.0415,2024-05-14
96,198,credit,2751.07,0.0044,2020-12-19
96,199,credit,2271.19,0.0376,2022-04-11
96,200,savings,7296.89,0.0137,2022-03-25
97,201,checking,0.0,0.0482,2021-02-24
97,202,checking,2983.85,0.0253,2024-07-30
97,203,savings,14068.34,0.0191,2024-02-19
98,204,checking,2915.73,0.0189,2021-10-16
98,205,savings,10814.18,0.0099,2023-12-15
98,206,checking,5641.9,0.0498,2023-09-03
99,207,credit,1368.4,0.0199,2024-08-25
99,208,credit,1980.74,0.001,2020-10-29
99,209,credit,2151.52,0.0446,2020-06-13
100,210,savings,7782.96,0.0179,2023-05-04
100,211,checking,13945.25,0.0251,2021-02-20
100,212,checking,4538.15,0.0438,2020-08-23
101,213,savings,14893.44,0.0179,2022-10-31
101,214,savings,2453.4,0.0203,2025-02-18
101,215,savings,11226.6,0.023,2021-04-25
102,216,checking,2302.76,0.0294,2021-09-20
103,217,checking,3759.58,0.0149,2021-10-02
103,218,savings,10159.09,0.0052,2024-04-20
103,219,credit,1942.52,0.0192,2024-09-20
104,220,credit,1592.5,0.04,2024-09-30
105,221,checking,5652.46,0.0302,2020-09-14
105,222,credit,2070.57,0.045,2022-09-09
105,223,credit,2123.6,0.0414,2023-08-28
106,224,savings,16387.02,0.0026,2023-09-21
107,225,savings,9254.61,0.0453,2020-08-10
108,226,checking,5520.85,0.0303,2024-11-05
109,227,savings,3597.27,0.0372,2023-02-24
109,228,checking,4865.54,0.0287,2024-05-17
110,229,credit,2279.92,0.0108,2020-08-31
110,230,savings,15999.31,0.0073,2024-01-05
110,231,credit,1380.04,0.0041,2022-10-13
111,232,credit,862.82,0.0495,2023-05-17
112,233,savings,8938.82,0.0372,2021-05-18
112,234,credit,1965.85,0.001,2020-06-23
112,235,savings,8448.25,0.0191,2024-05-05
113,236,credit,1008.18,0.0413,2025-03-11
113,237,savings,5365.97,0.0097,2021-05-22
114,238,checking,6375.91,0.0224,2022-12-06
114,239,savings,13444.31,0.0051,2023-03-13
115,240,checking,2892.51,0.0322,2022-11-28
115,241,savings,11580.22,0.0483,2021-04-16
115,242,checking,6701.51,0.0386,2023-05-21
116,243,credit,3607.71,0.0429,2021-01-19
116,244,credit,0.0,0.0489,2023-04-05
117,245,checking,2113.75,0.0281,2021-03-19
117,246,credit,1554.85,0.0416,2024-11-26
117,247,credit,204.74,0.0296,2021-09-09
118,248,credit,1863.41,0.0003,2022-01-14
118,249,checking,4263.76,0.016,2021-12-03
119,250,credit,1658.48,0.0385,2021-09-02
119,251,credit,1617.62,0.0424,2022-10-12
120,252,savings,0.0,0.012,2022-02-01
120,253,credit,579.49,0.0405,2020-10-21
120,254,savings,15012.85,0.0279,2022-07-11
121,255,credit,2679.16,0.0474,2023-03-07
121,256,checking,7758.5,0.0467,2020-08-18
121,257,credit,1560.63,0.032,2021-06-06
122,258,savings,7906.56,0.0328,2022-09-22
123,259,credit,1297.35,0.0158,2024-11-28
123,260,savings,9389.68,0.0042,2020-06-30
123,261,savings,15536.38,0.0214,2022-10-02
124,262,checking,4986.02,0.0112,2021-09-10
125,263,checking,5827.02,0.005,2022-09-27
125,264,savings,15649.88,0.0316,2021-07-07
126,265,credit,1758.19,0.0452,2023-06-20
126,266,savings,3739.73,0.0133,2024-06-08
127,267,checking,3389.26,0.0217,2020-11-03
127,268,savings,5618.51,0.0395,2020-05-08
128,269,checking,5396.6,0.042,2023-06-26
128,270,credit,2728.92,0.0151,2021-12-02
129,271,credit,1904.63,0.0488,2021-07-23
129,272,credit,2769.36,0.0464,2023-03-24
130,273,checking,8806.59,0.016,2023-09-10
130,274,checking,2532.25,0.0478,2021-09-26
131,275,savings,14969.33,0.0187,2023-01-28
131,276,savings,6488.49,0.0409,2023-11-18
132,277,credit,2888.03,0.0081,2024-06-29
132,278,credit,1749.01,0.026,2024-11-26
132,279,checking,4466.12,0.0401,2024-11-09
133,280,checking,2678.01,0.0075,2023-11-07
133,281,checking,6161.17,0.0287,2020-07-19
134,282,credit,1483.72,0.0055,2023-03-02
134,283,credit,2825.28,0.0249,2020-07-18
135,284,credit,621.13,0.0484,2022-03-31
135,285,credit,2164.72,0.0094,2022-08-24
136,286,credit,1053.97,0.0058,2021-02-16
136,287,checking,2584.42,0.0217,2021-05-07
137,288,credit,746.12,0.0478,2024-05-29
138,289,checking,254.26,0.0435,2020-09-14
138,290,savings,9733.34,0.0116,2023-03-01
138,291,credit,2596.11,0.0008,2021-07-09
139,292,credit,497.59,0.031,2023-07-04
140,293,credit,1617.48,0.0264,2021-09-18
141,294,savings,7703.08,0.0022,2022-10-14
141,295,checking,5167.42,0.014,2022-02-15
141,296,savings,4784.09,0.0122,2022-05-22
142,297,checking,4930.16,0.0443,2024-06-25
142,298,checking,3726.07,0.0211,2021-01-21
142,299,checking,3010.61,0.0455,2024-09-28
143,300,checking,3837.13,0.0119,2021-05-02
143,301,credit,2150.89,0.007,2022-03-12
144,302,savings,652.14,0.0353,2020-10-03
145,303,credit,1346.21,0.0406,2024-02-03
146,304,savings,12004.48,0.0086,2022-02-19
146,305,credit,2122.5,0.0498,2024-01-11
146,306,checking,3732.11,0.0374,2022-12-14
147,307,savings,7507.04,0.0243,2022-12-07
148,308,credit,1299.67,0.0181,2024-09-09
148,309,credit,2257.5,0.0071,2024-04-14
149,310,savings,5249.27,0.0208,2022-08-02
149,311,credit,3239.74,0.0242,2022-07-28
149,312,credit,3184.89,0.0442,2021-10-07
150,313,savings,11852.21,0.0306,2022-06-28
150,314,credit,2358.17,0.0073,2020-07-30
150,315,savings,10393.4,0.0178,2022-09-27
151,316,savings,13109.16,0.0299,2021-12-31
151,317,savings,16061.01,0.0213,2023-02-22
152,318,credit,3298.1,0.0462,2023-10-12
152,319,credit,1850.47,0.0121,2022-09-24
152,320,checking,6524.83,0.0271,2024-11-08
153,321,savings,3809.52,0.0441,2022-09-09
153,322,credit,2689.45,0.0285,2024-10-13
153,323,savings,13549.75,0.0483,2024-09-28
154,324,savings,3830.45,0.015,2022-09-22
154,325,checking,5360.16,0.0458,2023-03-26
154,326,credit,2714.07,0.0065,2023-10-01
155,327,credit,1840.4,0.0137,2024-05-08
155,328,checking,7229.28,0.0257,2024-05-06
156,329,checking,7090.04,0.0449,2021-12-30
156,330,credit,3907.83,0.045,2022-07-19
156,331,savings,5353.75,0.0076,2022-07-15
157,332,checking,5039.37,0.0011,2021-03-11
157,333,checking,5071.49,0.0308,2023-04-04
158,334,savings,3353.81,0.0027,2020-10-03
158,335,credit,2023.57,0.0368,2023-04-05
158,336,savings,9354.51,0.0033,2022-06-11
159,337,savings,2886.72,0.0222,2020-09-08
159,338,savings,18542.77,0.012,2024-04-25
159,339,savings,12106.59,0.0241,2024-06-23
160,340,savings,3595.54,0.0083,2020-05-03
161,341,savings,12086.98,0.0152,2022-11-01
161,342,checking,4694.33,0.0338,2025-03-22
161,343,savings,5005.03,0.0069,2023-06-06
162,344,checking,2823.82,0.0091,2023-08-18
163,345,credit,285.31,0.039,2021-12-02
163,346,checking,3489.84,0.0334,2023-05-14
164,347,checking,1486.56,0.0369,2023-04-20
164,348,savings,9453.99,0.0451,2020-08-02
164,349,credit,0.0,0.0343,2022-03-15
165,350,credit,2170.99,0.0486,2023-01-02
166,351,credit,2976.77,0.0194,2020-05-31
167,352,savings,18510.93,0.0001,2020-10-04
167,353,credit,1765.13,0.0139,2024-06-26
168,354,checking,2567.46,0.0087,2020-09-08
168,355,checking,8354.02,0.0414,2024-05-27
168,356,credit,1486.38,0.0292,2024-01-04
169,357,checking,2438.76,0.0221,2024-07-31
170,358,credit,2324.01,0.048,2020-11-25
170,359,credit,2017.09,0.0429,2023-09-23
171,360,credit,817.95,0.0395,2022-01-03
171,361,credit,22.37,0.0007,2023-11-27
171,362,credit,2394.8,0.031,2025-03-08
172,363,savings,20592.66,0.0421,2024-05-05
173,364,savings,8275.63,0.0028,2022-12-14
173,365,checking,10262.51,0.0313,2022-09-27
173,366,credit,1767.93,0.0215,2024-01-24
174,367,credit,1236.43,0.0133,2024-08-31
174,368,credit,2719.42,0.0175,2020-08-31
175,369,savings,9344.38,0.0198,2022-11-29
175,370,credit,1965.41,0.0191,2021-01-06
175,371,credit,2546.16,0.0021,2022-08-14
176,372,savings,2881.65,0.0007,2023-05-10
176,373,credit,2262.15,0.0199,2024-06-23
176,374,savings,12501.9,0.0256,2023-07-23
177,375,savings,4996.63,0.0267,2020-05-27
178,376,checking,238.5,0.0223,2020-04-26
178,377,credit,1494.12,0.0378,2022-03-04
178,378,credit,3610.97,0.0325,2025-01-29
179,379,checking,5971.47,0.0017,2020-08-27
179,380,credit,3548.33,0.0199,2022-05-09
180,381,credit,755.25,0.0027,2023-12-05
180,382,savings,8621.08,0.02,2024-07-28
180,383,savings,13781.75,0.0203,2021-09-26
181,384,credit,2149.51,0.0031,2020-10-13
182,385,credit,1333.61,0.0194,2025-02-28
183,386,credit,1201.2,0.0048,2024-07-22
184,387,checking,7457.36,0.0171,2021-10-18
184,388,savings,9122.15,0.0046,2023-01-29
184,389,checking,0.0,0.0451,2021-10-02
185,390,savings,14118.39,0.0325,2020-10-05
185,391,savings,16904.12,0.0471,2021-04-21
186,392,checking,7186.19,0.0036,2020-11-03
186,393,savings,7712.03,0.0017,2024-07-29
187,394,savings,5616.34,0.0297,2021-02-28
188,395,credit,4059.93,0.044,2023-02-25
188,396,checking,9126.19,0.0333,2024-05-29
189,397,checking,5174.3,0.0168,2023-12-13
190,398,savings,11168.56,0.0308,2023-05-03
190,399,checking,7489.64,0.0092,2020-09-05
190,400,credit,1705.33,0.0158,2025-02-27
191,401,credit,749.5,0.0414,2023-09-22
192,402,checking,5629.86,0.0466,2024-08-04
192,403,checking,2992.99,0.0392,2021-08-28
193,404,checking,8036.22,0.049,2021-03-05
193,405,credit,2703.48,0.0216,2021-10-30
194,406,savings,9399.86,0.0023,2020-10-01
194,407,credit,2227.1,0.0161,2023-11-13
195,408,savings,12330.08,0.0021,2024-03-30
195,409,savings,18474.54,0.0326,2022-07-10
196,410,credit,2314.31,0.003,2024-07-09
196,411,credit,4302.33,0.0213,2023-08-29
196,412,credit,3145.87,0.0386,2021-03-21
197,413,checking,3987.37,0.0166,2023-06-17
198,414,savings,6753.25,0.0269,2025-02-06
198,415,savings,8216.93,0.0096,2025-03-11
198,416,savings,13586.81,0.0407,2021-01-27
199,417,checking,4732.0,0.0303,2021-01-29
199,418,savings,9635.78,0.0053,2020-11-09
200,419,checking,5733.85,0.0446,2024-01-09
201,420,checking,4203.69,0.0081,2023-12-17
201,421,checking,5905.53,0.0352,2020-07-22
201,422,checking,9053.09,0.0117,2023-11-03
202,423,savings,9446.3,0.0112,2022-06-20
202,424,credit,3463.81,0.0384,2023-08-19
202,425,credit,4433.77,0.03,2021-03-05
203,426,savings,6380.06,0.0335,2020-06-18
203,427,checking,6083.43,0.0006,2021-07-20
204,428,credit,3593.03,0.0217,2022-07-20
204,429,checking,6454.52,0.0498,2022-08-18
205,430,credit,1074.99,0.039,2021-07-13
206,431,credit,2986.18,0.0157,2021-11-28
206,432,checking,10772.95,0.0431,2024-03-01
206,433,savings,13806.15,0.0412,2020-04-01
207,434,savings,17912.58,0.0441,2024-02-25
208,435,savings,10011.79,0.0225,2023-04-11
209,436,checking,6522.76,0.0256,2024-03-01
209,437,savings,1909.85,0.0107,2021-05-23
209,438,checking,1677.86,0.0156,2020-05-10
210,439,credit,1961.5,0.0494,2024-07-22
211,440,credit,708.31,0.0092,2023-03-31
211,441,credit,1907.2,0.034,2021-01-13
212,442,credit,2799.8,0.0219,2021-02-09
212,443,checking,6536.35,0.0149,2021-03-20
213,444,checking,9254.69,0.0104,2025-03-04
213,445,credit,431.94,0.0339,2024-08-15
214,446,checking,7405.87,0.0475,2020-04-20
215,447,checking,7212.3,0.0246,2021-01-26
216,448,credit,2504.7,0.0346,2020-06-24
217,449,savings,16665.49,0.0446,2023-07-28
217,450,savings,8650.23,0.0262,2023-02-12
217,451,savings,21250.53,0.0119,2023-06-09
218,452,credit,1247.93,0.0462,2023-05-05
218,453,credit,3118.01,0.0374,2024-08-08
219,454,checking,4876.86,0.0398,2020-05-09
220,455,savings,9364.51,0.0227,2021-07-01
221,456,savings,10471.8,0.0179,2022-05-09
221,457,checking,3741.52,0.0242,2021-04-24
222,458,savings,3514.75,0.0223,2022-09-15
222,459,credit,3013.75,0.0455,2021-05-12
222,460,credit,1436.89,0.0457,2020-10-20
223,461,credit,1702.08,0.0093,2020-10-27
224,462,credit,3530.5,0.0372,2024-09-14
224,463,savings,9788.08,0.0153,2022-12-18
225,464,credit,1860.12,0.0253,2021-08-27
225,465,credit,3013.44,0.0472,2021-07-23
225,466,savings,11481.21,0.0489,2024-05-05
226,467,checking,5639.59,0.0201,2023-10-22
226,468,checking,5174.81,0.0344,2022-12-04
227,469,credit,3382.7,0.0063,2024-12-14
227,470,checking,3063.21,0.0096,2021-09-07
227,471,credit,2460.32,0.0379,2021-06-01
228,472,checking,1600.19,0.0423,2022-07-18
228,473,credit,3869.42,0.0434,2020-09-17
229,474,credit,1329.13,0.0135,2023-08-29
230,475,checking,2516.36,0.0488,2023-09-13
230,476,credit,1855.13,0.0151,2024-07-13
231,477,credit,440.25,0.0442,2022-07-17
231,478,savings,12082.77,0.0333,2022-05-03
231,479,checking,5493.42,0.0323,2020-05-05
232,480,checking,6158.8,0.0091,2024-12-08
232,481,checking,5283.62,0.0443,2020-08-16
233,482,credit,1959.92,0.0218,2024-12-26
233,483,checking,9455.5,0.0473,2020-06-08
234,484,credit,2068.77,0.0018,2025-01-19
234,485,credit,1499.66,0.0213,2021-09-22
235,486,credit,2031.21,0.0399,2021-05-31
235,487,savings,2697.51,0.0421,2022-05-18
236,488,checking,6016.9,0.0139,2020-06-21
236,489,savings,12300.28,0.0245,2023-05-06
237,490,checking,5569.45,0.0091,2022-11-12
237,491,checking,1385.19,0.0479,2022-07-22
238,492,credit,2006.46,0.0371,2025-03-16
238,493,credit,3902.79,0.0255,2020-04-24
238,494,credit,2346.51,0.0015,2023-04-22
239,495,credit,1577.95,0.0197,2021-04-23
239,496,checking,8482.17,0.0474,2023-04-27
239,497,checking,7757.34,0.0195,2024-03-19
240,498,savings,18653.11,0.006,2021-06-27
240,499,credit,1064.75,0.0485,2020-08-12
241,500,checking,2943.13,0.008,2023-01-06
241,501,savings,13796.28,0.0177,2024-12-22
242,502,credit,784.5,0.0107,2022-05-24
242,503,credit,1502.09,0.0402,2021-05-20
242,504,credit,560.74,0.0363,2022-11-14
243,505,checking,7992.84,0.0182,2023-11-16
244,506,savings,15160.71,0.0246,2021-11-03
244,507,credit,1277.88,0.0242,2022-01-21
245,508,credit,1277.49,0.0113,2020-09-17
246,509,credit,3369.08,0.017,2024-07-28
246,510,checking,7357.12,0.0149,2024-06-04
246,511,credit,2190.86,0.024,2021-03-06
247,512,credit,2745.86,0.0419,2024-12-30
247,513,checking,0.0,0.0017,2024-10-30
247,514,savings,5800.32,0.0186,2024-10-09
248,515,checking,5146.05,0.034,2020-09-30
249,516,checking,1597.97,0.022,2023-05-24
249,517,checking,8201.79,0.0221,2022-06-20
249,518,checking,1482.9,0.0427,2023-01-19
250,519,savings,9968.82,0.0095,2020-05-12
250,520,savings,6054.7,0.0087,2021-01-24
251,521,checking,3002.13,0.0212,2023-06-09
251,522,savings,8851.08,0.0232,2020-07-14
251,523,credit,2980.43,0.0006,2025-02-14
252,524,savings,15103.25,0.0494,2022-06-18
253,525,credit,807.51,0.0148,2021-04-28
254,526,credit,2894.88,0.0085,2024-12-21
255,527,savings,8246.35,0.05,2023-07-27
255,528,savings,7983.18,0.0491,2024-11-09
256,529,credit,1554.01,0.0301,2021-07-20
256,530,credit,4586.51,0.0221,2024-10-29
257,531,credit,3957.98,0.0219,2021-12-12
257,532,credit,1907.74,0.0317,2021-11-05
258,533,credit,2944.97,0.0174,2024-03-16
259,534,savings,2036.41,0.0068,2024-01-01
259,535,savings,7337.24,0.0405,2021-10-24
259,536,credit,2215.82,0.0412,2021-12-05
260,537,credit,1120.03,0.0157,2024-08-15
260,538,savings,9774.1,0.0062,2022-09-15
261,539,savings,8442.54,0.0389,2021-07-12
262,540,credit,3089.36,0.0018,2020-11-07
262,541,checking,4928.18,0.0134,2021-11-29
263,542,savings,0.0,0.0441,2020-12-02
263,543,checking,6355.25,0.0141,2022-12-25
263,544,savings,11387.65,0.0043,2022-02-13
264,545,savings,10571.11,0.0306,2021-08-10
264,546,credit,1587.14,0.0147,2024-05-19
264,547,checking,4192.43,0.0346,2020-12-04
265,548,savings,11301.79,0.0047,2023-06-07
265,549,credit,2840.83,0.0419,2024-11-13
265,550,savings,7386.65,0.0395,2023-02-14
266,551,savings,12158.79,0.014,2022-07-14
266,552,savings,7147.98,0.0451,2020-10-08
266,553,credit,4034.83,0.034,2021-08-28
267,554,credit,1267.52,0.0268,2022-03-06
267,555,savings,11192.87,0.0379,2024-05-16
267,556,savings,19486.4,0.0391,2023-10-15
268,557,credit,2903.81,0.0344,2022-11-25
268,558,savings,13578.75,0.0172,2020-11-09
269,559,checking,5123.07,0.0234,2021-01-08
269,560,credit,4005.02,0.0278,2022-04-09
269,561,checking,7299.93,0.0454,2020-06-04
270,562,savings,7658.04,0.0235,2024-06-20
270,563,savings,20804.39,0.0167,2024-05-23
271,564,credit,2259.12,0.0179,2024-01-16
272,565,credit,2034.43,0.0284,2022-10-31
273,566,credit,1198.7,0.0166,2023-06-20
273,567,savings,13856.66,0.0474,2021-05-28
273,568,savings,10320.18,0.0167,2024-01-06
274,569,credit,44.64,0.0152,2021-08-22
275,570,savings,7802.22,0.0308,2022-01-07
276,571,checking,4019.3,0.0325,2021-11-18
276,572,checking,8184.43,0.0149,2022-09-14
277,573,savings,5402.65,0.0112,2020-12-06
278,574,savings,7049.58,0.0249,2021-04-20
278,575,credit,1951.58,0.0427,2020-12-07
279,576,savings,3924.62,0.018,2023-10-04
280,577,savings,11224.84,0.0354,2020-11-19
280,578,credit,1763.84,0.0314,2022-01-17
280,579,credit,3300.57,0.0404,2020-07-02
281,580,checking,7120.83,0.0472,2024-07-05
282,581,credit,1221.53,0.0018,2024-06-28
283,582,credit,1104.26,0.023,2024-10-04
284,583,checking,2863.77,0.0264,2023-04-04
284,584,checking,6397.22,0.0182,2022-06-06
285,585,checking,4107.51,0.0274,2020-08-07
285,586,savings,12054.86,0.0031,2024-07-19
286,587,savings,4050.63,0.0186,2025-01-19
286,588,checking,5582.55,0.0271,2020-09-16
287,589,credit,3757.69,0.0139,2023-06-21
287,590,credit,1636.63,0.0176,2023-07-13
287,591,credit,1467.31,0.025,2021-04-02
288,592,checking,7453.6,0.0491,2020-03-26
289,593,credit,2166.3,0.0431,2022-03-31
290,594,credit,1962.08,0.0239,2022-10-08
290,595,credit,115.43,0.0329,2023-02-09
290,596,checking,233.73,0.0352,2024-07-30
291,597,checking,1606.39,0.0345,2023-04-11
292,598,checking,2496.87,0.0355,2022-07-22
293,599,credit,966.96,0.0238,2023-03-24
294,600,credit,2191.06,0.0098,2020-05-22
295,601,savings,8831.76,0.0416,2020-12-21
295,602,credit,2505.19,0.0261,2022-07-16
296,603,checking,3568.12,0.0204,2022-06-16
297,604,checking,8325.65,0.0387,2023-06-25
297,605,checking,1313.94,0.0358,2021-12-23
298,606,credit,4381.36,0.0018,2022-04-07
298,607,credit,1959.96,0.0015,2022-12-25
298,608,checking,9335.4,0.0011,2023-06-28
299,609,savings,6985.92,0.0287,2023-02-10
299,610,credit,2224.15,0.0361,2020-08-16
300,611,credit,1711.66,0.0015,2020-10-07
301,612,checking,8130.8,0.0103,2022-06-19
302,613,savings,9409.77,0.0444,2020-08-25
302,614,checking,7096.31,0.0244,2023-05-20
302,615,credit,3061.27,0.0321,2023-10-03
303,616,savings,13303.54,0.0477,2022-06-29
303,617,checking,0.0,0.0332,2020-09-07
304,618,checking,8972.79,0.0493,2020-04-13
304,619,checking,4458.84,0.0461,2020-06-02
305,620,savings,10185.5,0.0178,2021-12-27
306,621,checking,3907.48,0.0335,2023-09-18
307,622,checking,1667.5,0.023,2022-10-28
307,623,savings,6221.24,0.0221,2024-02-16
308,624,checking,9096.5,0.0202,2022-01-29
309,625,savings,18508.3,0.0179,2022-10-10
309,626,checking,3719.65,0.024,2023-08-05
309,627,checking,9324.49,0.0237,2022-03-27
310,628,checking,11568.2,0.048,2022-10-04
310,629,credit,2760.47,0.0401,2023-03-18
311,630,credit,2351.85,0.0452,2021-02-23
311,631,savings,14012.82,0.0028,2020-06-18
311,632,savings,8340.16,0.0242,2022-09-17
312,633,credit,1565.35,0.0325,2020-07-28
312,634,checking,3731.3,0.0116,2022-08-18
313,635,checking,3375.66,0.0111,2021-01-27
313,636,checking,7615.42,0.0364,2021-12-13
313,637,checking,6135.37,0.0173,2022-01-12
314,638,savings,7912.73,0.0314,2023-03-25
314,639,credit,2793.0,0.0138,2022-08-01
314,640,credit,1010.05,0.0317,2023-03-19
315,641,checking,2781.7,0.0494,2024-11-18
315,642,checking,5617.38,0.0108,2021-11-24
315,643,credit,2502.05,0.0078,2023-10-28
316,644,credit,2166.55,0.0357,2022-09-09
317,645,credit,3357.25,0.0287,2023-07-23
317,646,savings,8749.61,0.0298,2022-01-14
318,647,savings,8364.46,0.0259,2021-05-02
319,648,savings,15232.65,0.0031,2020-10-09
319,649,checking,6617.65,0.0329,2020-07-20
320,650,checking,5505.1,0.0067,2023-06-03
321,651,credit,1648.22,0.0409,2023-05-01
322,652,credit,959.11,0.0237,2024-01-12
322,653,checking,4231.3,0.0027,2021-03-02
323,654,credit,2787.86,0.0213,2024-02-15
323,655,credit,1530.72,0.036,2021-01-12
324,656,checking,4570.44,0.0352,2020-04-09
324,657,savings,12756.35,0.0098,2020-04-24
325,658,credit,933.74,0.0036,2023-11-20
325,659,credit,3045.52,0.0189,2023-04-20
326,660,savings,13069.23,0.0163,2023-09-06
326,661,checking,6464.22,0.0033,2022-09-29
326,662,savings,3216.2,0.0017,2021-12-13
327,663,checking,0.0,0.0117,2020-12-20
327,664,credit,906.42,0.0182,2022-12-27
327,665,checking,8533.55,0.0358,2021-11-10
328,666,credit,3042.34,0.0288,2021-10-31
329,667,checking,4660.12,0.0453,2023-08-15
329,668,savings,4771.22,0.0091,2024-06-15
329,669,credit,1011.07,0.0193,2021-11-26
330,670,credit,1183.08,0.015,2024-08-19
330,671,checking,8240.34,0.0252,2021-08-03
330,672,credit,3556.53,0.0397,2021-06-23
331,673,savings,13785.38,0.0029,2021-01-17
332,674,savings,19950.89,0.0021,2020-09-12
333,675,checking,4221.85,0.0081,2021-11-17
333,676,credit,1263.71,0.0499,2024-12-16
333,677,credit,94.74,0.0037,2020-03-31
334,678,credit,2107.26,0.0385,2023-09-26
334,679,checking,38.61,0.0488,2023-11-05
334,680,checking,123.47,0.0244,2022-08-03
335,681,savings,5937.77,0.0205,2023-04-19
335,682,credit,1662.82,0.008,2024-06-02
335,683,credit,3251.85,0.0109,2024-04-30
336,684,savings,9224.39,0.0383,2022-08-25
336,685,savings,12950.71,0.0188,2022-07-05
336,686,checking,2446.74,0.0161,2021-03-03
337,687,savings,0.0,0.0446,2022-07-05
337,688,credit,1255.72,0.0251,2021-11-26
337,689,savings,12519.35,0.0122,2020-07-22
338,690,credit,2324.19,0.0273,2022-09-26
338,691,savings,8701.73,0.0441,2020-12-17
338,692,credit,1443.54,0.0047,2020-08-14
339,693,savings,12628.59,0.0162,2023-04-30
340,694,checking,10000.2,0.0448,2021-06-27
340,695,savings,2105.17,0.0087,2021-06-17
341,696,checking,5112.69,0.0451,2023-11-06
342,697,checking,0.0,0.0293,2022-07-21
342,698,checking,2876.27,0.0092,2024-01-31
343,699,credit,1491.66,0.0024,2024-06-08
344,700,savings,19277.43,0.0075,2024-05-31
344,701,checking,3678.45,0.0033,2021-03-26
344,702,checking,8448.63,0.0357,2023-06-13
345,703,credit,834.27,0.0083,2020-08-16
346,704,credit,2547.37,0.0405,2023-02-17
347,705,savings,4469.02,0.0271,2022-09-03
348,706,checking,2620.02,0.0282,2022-03-12
348,707,credit,1809.13,0.0059,2024-01-11
348,708,checking,3371.42,0.0124,2023-03-22
349,709,checking,3286.04,0.04,2022-09-16
349,710,credit,2585.72,0.0173,2020-04-09
350,711,savings,17439.39,0.0382,2020-10-01
351,712,credit,3747.39,0.0105,2024-09-20
351,713,credit,2253.75,0.0318,2023-03-06
351,714,savings,10539.14,0.0308,2024-11-21
352,715,checking,3890.64,0.0413,2022-08-13
352,716,savings,833.38,0.0225,2023-03-15
352,717,checking,6332.27,0.0194,2022-03-14
353,718,savings,13059.26,0.0474,2021-06-06
354,719,savings,15180.29,0.0163,2020-10-03
354,720,checking,7469.6,0.017,2021-08-25
354,721,credit,1270.31,0.0495,2021-04-03
355,722,savings,5058.51,0.0373,2022-06-06
355,723,savings,12864.5,0.0403,2024-08-09
355,724,savings,12749.65,0.01,2021-10-09
356,725,credit,2378.7,0.0272,2020-12-10
357,726,savings,9328.45,0.0286,2022-12-27
357,727,checking,1773.8,0.0263,2021-03-10
358,728,savings,5186.59,0.0425,2023-07-10
358,729,credit,2544.0,0.0181,2021-07-20
358,730,checking,1822.92,0.0266,2020-06-23
359,731,credit,775.71,0.0448,2023-05-26
359,732,savings,7092.91,0.0412,2022-11-10
359,733,checking,3715.28,0.0497,2025-02-16
360,734,credit,271.78,0.0456,2024-08-29
360,735,credit,770.14,0.0257,2020-04-04
360,736,credit,3642.62,0.0318,2021-03-04
361,737,credit,1637.68,0.0445,2023-12-08
361,738,checking,7239.91,0.0381,2024-08-06
362,739,checking,10141.99,0.0245,2020-05-04
363,740,savings,4118.56,0.0006,2024-01-13
363,741,credit,0.0,0.0462,2020-06-24
363,742,savings,17347.81,0.0437,2022-01-18
364,743,savings,18741.88,0.0045,2024-07-21
364,744,savings,6787.37,0.0307,2023-04-06
364,745,checking,4437.77,0.0068,2023-08-20
365,746,checking,3055.51,0.0273,2021-03-01
365,747,credit,1199.23,0.0207,2020-06-28
366,748,savings,1088.36,0.0144,2023-12-23
367,749,savings,9962.6,0.0249,2021-05-17
367,750,checking,11560.41,0.0007,2020-11-27
368,751,checking,2434.75,0.031,2025-01-09
368,752,credit,1739.58,0.0101,2020-11-27
369,753,credit,2011.58,0.0283,2022-03-16
369,754,credit,1778.02,0.0336,2024-10-09
370,755,checking,5311.46,0.0451,2022-07-07
370,756,checking,3458.95,0.038,2022-07-23
370,757,savings,5666.9,0.0116,2021-01-15
371,758,checking,10445.84,0.0141,2021-07-22
371,759,credit,2077.44,0.0477,2021-01-31
372,760,savings,15335.2,0.0171,2022-09-28
372,761,credit,1972.53,0.0116,2022-01-19
372,762,savings,14551.41,0.0311,2022-09-12
373,763,savings,1007.27,0.0498,2022-08-11
373,764,credit,1847.43,0.0474,2021-02-07
373,765,credit,1774.58,0.0122,2020-06-07
374,766,credit,1969.14,0.0399,2020-12-03
374,767,checking,2561.12,0.0048,2022-08-08
374,768,savings,3152.45,0.0458,2025-02-12
375,769,savings,0.0,0.0366,2022-12-11
375,770,credit,0.0,0.0275,2020-03-23
375,771,checking,5429.15,0.0395,2023-11-23
376,772,savings,6443.65,0.0418,2022-04-08
377,773,checking,3571.21,0.0146,2021-09-14
377,774,savings,12106.18,0.0116,2023-08-28
378,775,credit,1153.35,0.0113,2022-01-15
378,776,credit,4166.36,0.0342,2021-11-02
378,777,checking,3549.94,0.0286,2020-07-05
379,778,credit,1497.06,0.0243,2022-08-14
379,779,checking,3881.4,0.0123,2024-06-10
379,780,checking,3851.2,0.0437,2022-03-09
380,781,checking,4409.62,0.0268,2022-11-06
380,782,credit,647.72,0.0434,2020-05-06
381,783,savings,11997.14,0.0014,2022-03-21
381,784,checking,2818.86,0.0136,2021-12-31
381,785,savings,16938.79,0.0208,2024-08-09
382,786,savings,14834.19,0.05,2021-05-24
383,787,credit,0.0,0.0448,2023-05-16
383,788,checking,6985.63,0.0047,2021-04-02
383,789,checking,1621.78,0.001,2023-06-01
384,790,checking,9170.31,0.0398,2022-08-19
385,791,credit,1088.27,0.0221,2024-02-21
386,792,savings,8198.17,0.0342,2024-03-19
387,793,savings,11419.16,0.0421,2021-05-17
387,794,checking,10858.58,0.019,2024-09-29
387,795,checking,6109.36,0.0453,2021-06-19
388,796,credit,3008.52,0.0149,2022-07-09
388,797,credit,3068.28,0.029,2025-03-07
388,798,credit,1361.25,0.0208,2025-01-08
389,799,checking,6578.23,0.0125,2025-02-07
390,800,credit,3521.32,0.0308,2023-02-20
391,801,savings,7117.18,0.0035,2022-01-07
391,802,savings,6396.96,0.0463,2023-05-02
392,803,checking,5933.31,0.0489,2022-09-10
392,804,credit,1578.09,0.0254,2025-01-17
393,805,credit,2233.03,0.0388,2022-07-03
393,806,checking,4170.69,0.0188,2024-11-06
394,807,checking,6585.01,0.004,2022-05-04
394,808,checking,6691.75,0.0382,2023-12-07
395,809,credit,1822.35,0.0407,2022-05-17
395,810,credit,1278.36,0.0478,2023-06-18
396,811,credit,2567.16,0.0204,2022-02-09
397,812,checking,7504.66,0.0468,2022-10-22
397,813,savings,6821.8,0.0203,2021-10-31
398,814,savings,1476.41,0.0083,2022-12-31
398,815,checking,7527.1,0.0164,2021-01-26
398,816,checking,2237.26,0.0062,2023-12-13
399,817,credit,1952.09,0.0488,2024-07-18
399,818,savings,2962.81,0.0138,2022-07-28
400,819,credit,1520.14,0.0129,2020-09-11
400,820,checking,6267.28,0.0009,2023-05-31
401,821,credit,154.67,0.0338,2020-07-02
402,822,savings,9676.74,0.0296,2021-10-17
403,823,savings,0.0,0.0181,2021-11-13
403,824,checking,6378.35,0.0241,2024-01-01
403,825,checking,5480.67,0.0005,2020-06-06
404,826,savings,11360.04,0.0228,2022-01-29
405,827,savings,6853.75,0.0054,2022-06-02
405,828,credit,1689.62,0.022,2024-11-19
406,829,checking,7741.32,0.0022,2021-01-25
407,830,credit,3366.35,0.0336,2023-07-02
407,831,savings,13668.71,0.0069,2022-07-02
407,832,savings,7050.65,0.0268,2024-07-27
408,833,credit,1271.86,0.0232,2022-09-28
409,834,credit,826.92,0.0336,2024-06-21
409,835,credit,1503.97,0.0479,2025-01-13
409,836,savings,13432.44,0.039,2024-01-30
410,837,savings,13073.29,0.0198,2020-05-16
410,838,savings,10285.57,0.0456,2022-03-02
411,839,savings,5524.02,0.0352,2022-12-24
411,840,checking,2777.57,0.011,2020-06-21
411,841,checking,5139.62,0.0188,2024-11-01
412,842,checking,1578.4,0.0376,2020-09-10
412,843,credit,1706.22,0.0041,2024-01-24
412,844,checking,2498.63,0.0128,2025-02-17
413,845,savings,13850.21,0.0108,2023-12-10
413,846,checking,7195.5,0.0271,2023-12-02
414,847,credit,1211.9,0.0192,2025-03-09
415,848,savings,15579.75,0.013,2025-02-26
415,849,savings,8207.94,0.0361,2022-05-05
415,850,savings,13404.13,0.0199,2020-09-11
416,851,credit,690.65,0.0318,2020-06-02
416,852,savings,14151.24,0.0225,2023-01-21
417,853,savings,9460.26,0.0326,2022-08-18
417,854,savings,8419.14,0.0055,2022-10-02
418,855,checking,1337.05,0.0199,2021-09-12
419,856,checking,1319.47,0.0449,2021-02-02
420,857,credit,473.96,0.0498,2023-01-29
420,858,credit,1516.49,0.0218,2022-09-15
420,859,checking,8348.28,0.0106,2021-02-21
421,860,credit,3147.33,0.0167,2021-11-28
421,861,savings,3945.92,0.0166,2020-11-27
422,862,savings,9837.44,0.0289,2024-05-13
422,863,savings,11653.97,0.0127,2024-05-10
423,864,savings,12826.16,0.0029,2021-10-01
423,865,checking,5044.14,0.039,2021-11-08
424,866,credit,2042.93,0.0399,2025-01-09
424,867,checking,4266.44,0.0338,2021-06-21
425,868,checking,5123.22,0.0294,2022-12-03
425,869,credit,3144.74,0.037,2023-09-03
425,870,checking,9354.94,0.0029,2022-09-01
426,871,credit,584.63,0.0347,2020-10-13
426,872,credit,2251.47,0.0166,2024-12-11
427,873,savings,7367.25,0.0267,2024-04-11
427,874,credit,1128.03,0.0106,2021-05-27
427,875,credit,2253.83,0.0171,2021-05-20
428,876,credit,851.4,0.0167,2020-11-01
428,877,checking,9121.45,0.0489,2020-04-08
429,878,credit,2292.53,0.0448,2021-08-29
430,879,checking,11856.18,0.0287,2023-10-20
430,880,credit,2166.19,0.0431,2022-09-22
431,881,checking,1924.81,0.0058,2021-10-16
431,882,savings,19041.72,0.026,2021-09-05
431,883,savings,4716.76,0.0183,2020-10-02
432,884,credit,1872.68,0.0186,2023-08-24
432,885,credit,1007.66,0.0475,2022-06-25
432,886,checking,0.0,0.0442,2024-01-31
433,887,savings,7842.79,0.0185,2020-08-25
434,888,checking,6036.24,0.0475,2024-03-16
435,889,credit,2176.76,0.0333,2024-08-24
435,890,savings,1534.77,0.0374,2020-06-24
436,891,credit,2281.95,0.0313,2020-05-19
436,892,credit,1581.51,0.0181,2024-10-05
437,893,savings,10140.47,0.0047,2024-05-02
438,894,savings,14442.9,0.0493,2022-07-08
438,895,savings,659.79,0.0175,2024-02-16
439,896,checking,4056.64,0.0079,2021-08-24
440,897,checking,6782.49,0.0349,2021-05-27
441,898,savings,10214.38,0.0451,2022-12-02
441,899,checking,3535.42,0.0464,2023-09-15
441,900,savings,15998.57,0.0109,2021-07-20
442,901,checking,1149.8,0.0093,2021-01-31
442,902,checking,9847.68,0.002,2020-06-17
442,903,checking,4207.27,0.0467,2023-02-01
443,904,savings,9355.08,0.0437,2025-03-14
444,905,checking,8280.62,0.0154,2021-03-13
444,906,savings,14563.54,0.0259,2024-11-30
445,907,checking,4098.8,0.0288,2022-07-05
445,908,checking,3267.46,0.0469,2024-11-28
445,909,savings,5799.64,0.036,2022-09-08
446,910,checking,8098.83,0.0366,2024-08-13
446,911,credit,1261.93,0.0426,2024-07-19
446,912,savings,10174.99,0.0035,2024-03-05
447,913,savings,20139.83,0.0068,2021-01-31
447,914,credit,1706.19,0.0394,2023-01-17
448,915,checking,3601.71,0.0224,2023-07-28
449,916,savings,19077.27,0.0083,2022-11-08
449,917,credit,2012.35,0.039,2020-07-04
450,918,checking,7123.65,0.0428,2021-09-13
451,919,checking,6644.66,0.0279,2020-05-08
451,920,credit,1828.53,0.0341,2021-02-07
452,921,credit,3249.65,0.0494,2022-10-09
453,922,savings,12619.82,0.0426,2024-05-06
454,923,savings,13003.75,0.02,2024-11-20
454,924,credit,3710.29,0.044,2024-06-24
455,925,credit,3465.1,0.014,2022-11-07
455,926,savings,18066.1,0.0075,2021-10-07
455,927,checking,3185.0,0.0383,2020-12-01
456,928,checking,2206.48,0.0282,2020-05-07
456,929,savings,5141.18,0.0078,2023-08-07
457,930,checking,3801.21,0.0266,2021-06-12
457,931,credit,625.3,0.0034,2023-04-05
457,932,checking,5509.82,0.0027,2023-06-25
458,933,checking,7856.24,0.002,2020-11-23
458,934,savings,14612.07,0.0425,2022-02-13
458,935,savings,3353.85,0.0428,2023-03-12
459,936,checking,6583.96,0.0331,2020-05-24
459,937,checking,658.03,0.0369,2020-09-19
460,938,savings,16365.53,0.0356,2024-06-24
460,939,savings,4743.47,0.0424,2021-02-10
460,940,credit,986.2,0.0006,2025-03-17
461,941,savings,5313.8,0.0009,2023-03-08
461,942,credit,2756.98,0.0344,2023-06-04
461,943,credit,1868.11,0.03,2023-06-20
462,944,savings,5766.39,0.0268,2021-03-04
463,945,savings,14745.24,0.0466,2022-02-02
464,946,checking,2359.79,0.034,2023-12-21
464,947,savings,8892.95,0.0165,2024-02-17
464,948,savings,12011.06,0.0284,2023-10-24
465,949,checking,2324.79,0.0081,2025-01-05
465,950,savings,15819.02,0.0464,2024-06-22
466,951,savings,22319.47,0.0096,2024-05-04
466,952,credit,528.59,0.0265,2021-12-11
466,953,checking,0.0,0.0134,2023-01-29
467,954,credit,1985.49,0.0325,2020-08-17
467,955,savings,8933.79,0.0362,2021-06-27
468,956,credit,1630.93,0.035,2023-06-17
469,957,savings,10217.53,0.0241,2021-07-10
469,958,checking,4063.94,0.0116,2023-07-26
470,959,credit,2760.99,0.049,2023-05-02
470,960,credit,977.57,0.0422,2023-01-16
470,961,credit,2553.03,0.0292,2022-08-28
471,962,savings,8892.33,0.0331,2024-05-07
471,963,checking,4165.05,0.0424,2021-09-14
471,964,savings,13602.34,0.041,2023-09-19
472,965,credit,187.54,0.0196,2021-03-12
472,966,credit,792.92,0.0043,2021-10-28
472,967,savings,0.0,0.0202,2023-06-25
473,968,savings,4812.4,0.0136,2021-08-13
473,969,savings,12749.77,0.0491,2023-02-09
473,970,checking,0.0,0.0054,2024-04-16
474,971,savings,4623.37,0.0083,2020-07-26
474,972,credit,816.21,0.0167,2020-06-02
475,973,savings,11597.88,0.0477,2020-04-14
475,974,credit,906.58,0.0457,2020-06-12
475,975,credit,5871.37,0.0181,2023-05-11
476,976,credit,2438.62,0.0398,2021-10-14
477,977,checking,5148.17,0.0427,2022-10-27
478,978,credit,2200.58,0.0431,2024-07-06
478,979,checking,8896.79,0.048,2024-01-20
478,980,savings,2627.4,0.0386,2021-11-12
479,981,savings,2661.85,0.0018,2021-10-23
479,982,savings,14911.23,0.0247,2024-03-17
479,983,checking,1600.06,0.0436,2022-06-14
480,984,checking,0.0,0.0242,2023-01-09
480,985,savings,9659.07,0.0406,2024-12-25
481,986,credit,986.08,0.0033,2022-09-26
481,987,savings,14360.73,0.0459,2022-10-11
482,988,savings,11942.46,0.0455,2023-06-30
482,989,savings,1746.13,0.0302,2022-07-30
482,990,checking,6186.95,0.0418,2020-07-02
483,991,savings,4251.14,0.0369,2025-02-22
483,992,checking,2319.05,0.0374,2020-03-30
484,993,savings,9672.73,0.0201,2021-01-03
484,994,credit,2398.95,0.0135,2021-03-03
485,995,checking,7600.92,0.0203,2021-01-30
485,996,credit,1041.17,0.0285,2024-06-22
486,997,credit,2669.98,0.0469,2024-03-13
487,998,checking,3595.88,0.0028,2023-09-07
487,999,credit,1916.36,0.0072,2022-02-17
488,1000,savings,5465.04,0.0276,2025-02-28
488,1001,checking,8534.0,0.0335,2022-02-14
488,1002,checking,4421.86,0.023,2024-03-17
489,1003,checking,11004.48,0.0226,2024-09-16
490,1004,savings,9575.0,0.0076,2020-10-13
491,1005,checking,6964.36,0.0243,2021-11-03
492,1006,credit,1594.01,0.0326,2023-05-08
493,1007,checking,6177.62,0.0371,2025-02-07
493,1008,credit,4444.18,0.0368,2022-08-23
493,1009,savings,11898.81,0.0396,2021-09-14
494,1010,savings,12449.62,0.0313,2020-03-30
494,1011,checking,3764.99,0.018,2024-01-19
495,1012,savings,4376.43,0.0206,2022-03-20
495,1013,savings,7356.0,0.0003,2024-06-15
496,1014,checking,2839.47,0.049,2021-09-17
496,1015,credit,2585.92,0.0062,2023-02-19
496,1016,credit,1494.39,0.0107,2023-01-26
497,1017,savings,13914.61,0.03,2020-11-11
498,1018,savings,10280.47,0.019,2024-09-16
498,1019,credit,2116.62,0.0111,2022-12-05
498,1020,savings,16391.05,0.0203,2021-06-15
499,1021,savings,15522.47,0.0045,2022-04-12
500,1022,checking,7268.23,0.0424,2022-07-12
500,1023,savings,12366.33,0.0029,2022-02-22
501,1024,savings,8953.57,0.038,2024-05-01
501,1025,credit,757.57,0.0175,2022-04-25
501,1026,credit,1304.88,0.0064,2021-01-08
502,1027,credit,2136.6,0.0498,2021-03-13
502,1028,checking,2445.8,0.0493,2024-07-14
503,1029,checking,6440.85,0.0474,2023-08-19
504,1030,checking,9524.86,0.0436,2022-07-27
504,1031,savings,3456.27,0.0248,2022-12-18
504,1032,savings,15193.2,0.0049,2021-10-09
505,1033,savings,6676.62,0.0391,2021-10-14
506,1034,credit,2935.71,0.0393,2020-04-06
506,1035,checking,7426.88,0.0405,2020-08-10
507,1036,credit,2598.03,0.0442,2023-08-14
508,1037,checking,0.0,0.0487,2025-01-15
508,1038,credit,816.56,0.0381,2023-08-21
509,1039,checking,3679.73,0.0447,2021-05-29
509,1040,credit,1619.51,0.0425,2024-01-19
509,1041,savings,0.0,0.0246,2023-08-30
510,1042,savings,4493.35,0.0405,2023-05-21
511,1043,credit,3161.94,0.0061,2024-01-31
512,1044,savings,9557.16,0.0062,2021-11-07
513,1045,checking,6667.0,0.0221,2020-05-23
513,1046,credit,2414.43,0.0462,2020-10-08
513,1047,checking,0.0,0.0039,2021-11-20
514,1048,checking,2303.24,0.0423,2022-03-27
514,1049,credit,2167.31,0.0086,2021-06-11
515,1050,checking,4048.11,0.0323,2022-11-03
515,1051,checking,7722.68,0.0253,2023-06-27
516,1052,savings,5994.86,0.0281,2021-07-12
516,1053,credit,2154.74,0.0481,2021-04-02
517,1054,credit,2609.61,0.0203,2022-05-02
518,1055,credit,0.0,0.0015,2024-01-07
519,1056,checking,6320.56,0.0076,2024-12-04
520,1057,savings,488.76,0.0424,2021-07-05
520,1058,checking,11617.62,0.0286,2021-01-07
521,1059,savings,7972.43,0.0333,2024-02-04
521,1060,credit,968.67,0.0077,2020-12-07
521,1061,checking,0.0,0.0338,2024-01-20
522,1062,checking,1298.81,0.0132,2023-10-18
522,1063,checking,5229.05,0.0126,2023-04-21
522,1064,credit,1218.49,0.0157,2024-02-03
523,1065,savings,13333.58,0.0382,2023-09-03
523,1066,checking,408.89,0.0014,2021-04-29
523,1067,savings,17256.17,0.0374,2020-11-04
524,1068,checking,3970.16,0.0451,2022-05-16
524,1069,checking,5479.53,0.0307,2021-02-15
525,1070,savings,7382.84,0.0272,2020-04-10
525,1071,credit,1550.38,0.0405,2021-05-30
525,1072,checking,2641.5,0.023,2023-06-19
526,1073,savings,7400.95,0.0394,2022-09-07
526,1074,savings,14650.58,0.0299,2022-04-25
526,1075,checking,2033.4,0.0161,2024-07-06
527,1076,savings,20415.73,0.0032,2022-05-26
527,1077,credit,2938.83,0.0048,2021-05-26
527,1078,savings,8415.85,0.0363,2025-01-27
528,1079,credit,2355.38,0.0245,2022-03-03
529,1080,checking,4418.96,0.0096,2023-02-28
530,1081,savings,6971.62,0.0094,2021-12-05
530,1082,credit,2947.36,0.0394,2022-02-13
530,1083,savings,15233.76,0.0099,2020-10-30
531,1084,savings,7958.87,0.0401,2020-10-03
531,1085,credit,2270.83,0.0381,2024-10-13
532,1086,credit,743.97,0.0012,2022-03-23
532,1087,checking,3806.5,0.0136,2025-03-03
533,1088,credit,1012.02,0.0178,2021-11-14
533,1089,credit,2102.74,0.0422,2020-08-10
533,1090,credit,1511.8,0.0251,2022-04-11
534,1091,checking,256.79,0.0083,2021-03-08
534,1092,credit,2091.87,0.0264,2025-02-03
535,1093,credit,1733.06,0.0115,2024-01-14
535,1094,credit,1615.8,0.0159,2021-10-23
535,1095,savings,7640.73,0.0258,2024-10-28
536,1096,checking,3380.24,0.0384,2023-01-01
536,1097,savings,9869.86,0.0111,2024-02-24
536,1098,checking,4930.78,0.029,2023-11-06
537,1099,credit,0.0,0.0411,2021-05-28
537,1100,checking,819.35,0.0053,2022-10-25
538,1101,checking,4427.37,0.0425,2022-06-16
538,1102,checking,1375.95,0.0241,2021-07-05
539,1103,credit,1291.06,0.0035,2021-05-19
539,1104,credit,880.47,0.0438,2021-02-17
539,1105,checking,9907.78,0.009,2022-11-04
540,1106,savings,10044.15,0.0137,2023-08-23
540,1107,savings,7539.4,0.0111,2024-01-22
541,1108,savings,4248.8,0.0155,2022-04-25
541,1109,savings,9081.96,0.0236,2020-03-29
542,1110,savings,5751.75,0.0308,2020-12-01
543,1111,savings,8853.29,0.0428,2020-10-01
543,1112,credit,1202.26,0.0163,2025-03-17
543,1113,savings,11617.53,0.0049,2024-06-23
544,1114,checking,4666.11,0.0395,2021-12-04
544,1115,savings,12367.16,0.0086,2021-07-21
545,1116,savings,12223.34,0.0459,2020-05-03
545,1117,credit,328.48,0.0405,2022-07-25
545,1118,checking,640.32,0.0039,2021-06-24
546,1119,savings,3287.42,0.0233,2022-02-18
546,1120,checking,6910.8,0.0376,2023-10-04
546,1121,savings,13461.51,0.0435,2023-02-17
547,1122,savings,12854.22,0.0218,2021-09-25
547,1123,checking,2887.78,0.0069,2020-09-28
547,1124,credit,190.19,0.0053,2022-12-27
548,1125,checking,5908.68,0.0015,2022-06-06
548,1126,checking,8160.9,0.0435,2024-03-18
549,1127,checking,2718.53,0.0115,2024-06-11
549,1128,credit,978.93,0.0377,2021-09-12
549,1129,savings,10123.91,0.0119,2024-08-11
550,1130,savings,2654.7,0.0478,2024-08-12
551,1131,checking,3815.05,0.0008,2024-11-29
552,1132,savings,2774.04,0.0331,2020-10-23
552,1133,savings,12389.53,0.0162,2021-07-20
552,1134,credit,0.0,0.0311,2023-06-21
553,1135,credit,1695.13,0.038,2021-11-26
553,1136,credit,1838.21,0.0102,2022-08-20
553,1137,checking,7036.76,0.0001,2021-06-01
554,1138,credit,3027.09,0.0223,2024-10-28
554,1139,credit,2316.52,0.035,2023-08-31
554,1140,credit,1715.94,0.0178,2025-01-13
555,1141,checking,4589.79,0.0498,2021-03-27
555,1142,savings,7638.42,0.0072,2024-02-22
556,1143,savings,6001.69,0.0373,2022-02-04
556,1144,checking,7466.37,0.0293,2023-06-07
557,1145,checking,4257.24,0.0441,2024-08-04
557,1146,credit,1586.01,0.0016,2021-04-04
558,1147,checking,7361.24,0.0168,2024-07-27
558,1148,savings,6805.62,0.0166,2023-04-14
558,1149,checking,3514.91,0.0436,2021-04-25
559,1150,savings,6209.45,0.0462,2024-02-27
560,1151,checking,1871.78,0.0496,2020-09-04
560,1152,checking,4847.65,0.0234,2023-11-13
560,1153,credit,2363.89,0.0437,2024-04-10
561,1154,checking,8826.47,0.0161,2023-01-26
562,1155,credit,2447.89,0.0459,2022-07-06
563,1156,checking,6743.26,0.0409,2022-05-18
564,1157,checking,7497.99,0.0307,2021-06-18
564,1158,checking,4810.39,0.0469,2023-12-11
564,1159,checking,5754.04,0.0069,2021-03-13
565,1160,savings,7016.79,0.0378,2022-04-18
565,1161,savings,11240.99,0.0293,2023-02-20
566,1162,credit,1950.2,0.0427,2022-01-03
566,1163,savings,15040.47,0.0011,2021-06-13
567,1164,savings,4331.68,0.0385,2021-12-18
567,1165,credit,2253.12,0.0238,2022-03-04
568,1166,savings,8629.51,0.0301,2025-02-14
568,1167,savings,7615.88,0.0298,2021-07-16
569,1168,credit,2439.7,0.0363,2021-07-01
569,1169,checking,0.0,0.0472,2024-01-24
570,1170,checking,12100.4,0.035,2024-03-24
570,1171,credit,3352.21,0.0225,2025-01-04
571,1172,savings,9673.97,0.043,2021-04-15
572,1173,credit,1768.14,0.0146,2023-04-12
572,1174,savings,13611.09,0.0009,2022-01-19
572,1175,credit,2746.52,0.0087,2020-04-14
573,1176,checking,5461.98,0.0113,2024-04-26
573,1177,checking,7781.38,0.0443,2022-08-20
573,1178,checking,3504.25,0.0235,2024-10-01
574,1179,credit,2088.68,0.0247,2022-08-15
575,1180,checking,3975.31,0.0137,2020-07-16
576,1181,credit,1277.83,0.0325,2021-08-03
576,1182,checking,7352.14,0.0167,2022-02-06
576,1183,checking,2826.27,0.0277,2020-06-09
577,1184,checking,6081.07,0.0453,2023-06-23
577,1185,checking,1976.32,0.0224,2020-12-01
578,1186,savings,9163.44,0.0177,2020-11-05
578,1187,credit,2606.99,0.0485,2024-02-05
578,1188,savings,1860.86,0.0178,2023-10-28
579,1189,savings,10710.64,0.0332,2025-02-23
579,1190,credit,2196.67,0.0408,2023-04-18
579,1191,checking,3428.73,0.0084,2023-06-25
580,1192,checking,0.0,0.0434,2024-04-06
580,1193,checking,8963.65,0.0384,2021-11-16
580,1194,checking,5260.45,0.0407,2023-10-20
581,1195,savings,4658.99,0.0125,2022-01-27
582,1196,savings,10509.81,0.0094,2024-01-27
583,1197,checking,5710.9,0.0498,2021-03-24
584,1198,savings,4236.52,0.0491,2023-04-06
584,1199,checking,4311.91,0.0406,2024-08-01
585,1200,savings,12518.98,0.0468,2021-09-11
585,1201,savings,12362.8,0.0228,2023-07-09
586,1202,savings,6166.82,0.0108,2024-02-19
586,1203,savings,10159.03,0.038,2021-06-27
586,1204,savings,4906.07,0.04,2024-05-11
587,1205,credit,1721.07,0.0087,2022-07-07
587,1206,checking,1854.54,0.0112,2020-09-24
588,1207,savings,4159.2,0.0271,2023-07-23
589,1208,savings,7979.18,0.0066,2021-07-13
589,1209,savings,0.0,0.0226,2024-06-01
590,1210,savings,11225.32,0.0387,2022-04-04
590,1211,savings,3477.31,0.0236,2022-07-22
590,1212,savings,791.75,0.0239,2023-12-02
591,1213,savings,24334.84,0.044,2022-03-04
591,1214,checking,8278.85,0.045,2020-08-06
592,1215,savings,10413.25,0.025,2024-05-23
592,1216,savings,13498.4,0.027,2020-06-28
593,1217,credit,1620.47,0.0401,2022-04-28
594,1218,credit,2098.71,0.03,2021-09-17
595,1219,checking,1392.5,0.0084,2020-10-07
595,1220,checking,1710.24,0.0369,2023-05-14
595,1221,credit,2901.55,0.0023,2020-05-18
596,1222,credit,2081.32,0.0005,2020-04-12
596,1223,credit,369.2,0.0133,2021-08-02
596,1224,credit,2423.19,0.039,2023-09-03
597,1225,credit,2362.76,0.0231,2021-06-28
598,1226,credit,1324.38,0.0218,2022-12-06
598,1227,checking,2869.35,0.009,2023-07-06
599,1228,credit,2080.13,0.0035,2022-03-15
599,1229,checking,5153.33,0.0427,2024-04-22
600,1230,checking,5422.96,0.025,2025-01-12
600,1231,savings,24509.24,0.0135,2024-10-27
600,1232,checking,1229.81,0.0492,2024-11-04
601,1233,checking,2068.3,0.0022,2024-01-07
602,1234,credit,4664.66,0.0358,2021-09-26
602,1235,checking,0.0,0.0286,2021-12-29
602,1236,checking,6932.78,0.0358,2022-02-08
603,1237,credit,2487.21,0.026,2024-04-03
603,1238,credit,2326.1,0.011,2023-12-22
604,1239,savings,9681.27,0.046,2020-03-24
605,1240,credit,1913.44,0.0396,2021-10-10
606,1241,credit,2689.94,0.0363,2022-07-06
606,1242,checking,3210.98,0.0315,2021-05-23
607,1243,credit,1589.51,0.0485,2021-11-01
608,1244,savings,16416.54,0.0473,2022-11-09
609,1245,savings,5350.16,0.019,2022-10-20
609,1246,checking,8171.87,0.0224,2021-04-30
609,1247,checking,423.84,0.0428,2022-05-02
610,1248,savings,6926.15,0.0139,2024-08-29
610,1249,credit,2235.66,0.0317,2025-02-20
610,1250,credit,1228.02,0.0364,2022-05-05
611,1251,checking,4799.76,0.0133,2024-10-12
611,1252,checking,6639.43,0.0196,2023-12-12
612,1253,checking,4672.18,0.0021,2022-08-18
612,1254,savings,13317.13,0.0069,2024-04-12
613,1255,checking,5558.14,0.0334,2020-10-04
613,1256,savings,8838.21,0.023,2021-05-04
613,1257,savings,15321.58,0.043,2021-07-31
614,1258,checking,3854.71,0.0444,2020-10-11
615,1259,credit,1781.48,0.0029,2022-06-20
616,1260,checking,6260.49,0.0133,2022-11-19
616,1261,savings,9062.66,0.0289,2024-09-02
617,1262,savings,16545.47,0.0155,2022-10-19
618,1263,savings,4434.8,0.0349,2023-05-27
619,1264,savings,4206.08,0.0173,2024-10-21
620,1265,savings,13235.56,0.0496,2023-02-26
620,1266,savings,2271.2,0.0316,2024-10-30
621,1267,savings,7273.24,0.0095,2020-04-17
622,1268,checking,6329.45,0.0497,2022-02-24
622,1269,checking,0.0,0.0028,2023-10-27
623,1270,savings,10473.64,0.0302,2024-12-02
624,1271,checking,2740.93,0.03,2024-07-13
624,1272,savings,4603.53,0.0154,2020-10-04
625,1273,credit,1470.5,0.0027,2023-02-10
626,1274,savings,1041.99,0.0223,2023-11-28
626,1275,savings,18567.58,0.0323,2024-12-30
627,1276,credit,3368.61,0.0192,2021-05-26
627,1277,savings,1887.99,0.0254,2023-12-13
628,1278,savings,403.29,0.0326,2021-07-20
628,1279,savings,24246.19,0.0079,2021-04-28
629,1280,credit,1327.93,0.0308,2022-02-10
629,1281,checking,2302.52,0.0489,2022-03-23
629,1282,checking,4741.55,0.0045,2024-04-28
630,1283,savings,14357.15,0.0084,2021-10-04
630,1284,savings,6575.51,0.0228,2021-04-10
631,1285,credit,1369.62,0.0307,2021-09-28
632,1286,savings,13617.0,0.0291,2020-03-23
632,1287,checking,7238.26,0.019,2025-01-11
633,1288,credit,2072.05,0.0297,2024-05-26
633,1289,savings,7226.01,0.0383,2020-08-28
634,1290,checking,2008.45,0.0164,2023-12-18
634,1291,savings,11227.07,0.0056,2021-11-05
635,1292,checking,784.16,0.0439,2024-01-22
635,1293,credit,3204.09,0.0389,2024-07-08
635,1294,checking,0.0,0.0087,2021-05-23
636,1295,savings,10000.77,0.0439,2022-12-28
637,1296,credit,1273.29,0.0111,2021-07-07
637,1297,savings,9387.26,0.0176,2022-10-04
637,1298,savings,9502.7,0.0361,2021-12-10
638,1299,savings,3625.61,0.0064,2020-06-22
639,1300,credit,3137.8,0.0206,2023-10-29
639,1301,checking,3665.12,0.0158,2022-07-14
639,1302,credit,4387.93,0.0019,2020-12-02
640,1303,savings,8196.07,0.003,2020-08-29
640,1304,savings,2704.31,0.0108,2021-04-07
641,1305,savings,8845.99,0.0169,2021-07-25
641,1306,checking,5056.6,0.0138,2020-04-05
641,1307,savings,8416.74,0.0244,2021-06-04
642,1308,savings,8255.26,0.0269,2023-04-14
642,1309,savings,2919.87,0.0021,2020-08-09
642,1310,checking,3878.8,0.014,2024-06-06
643,1311,checking,0.0,0.0286,2024-04-06
644,1312,savings,11759.4,0.0422,2022-06-10
644,1313,credit,1588.93,0.0056,2020-06-27
644,1314,savings,5797.44,0.015,2022-03-16
645,1315,savings,15726.8,0.0344,2025-03-12
645,1316,credit,1251.67,0.0022,2021-01-09
645,1317,checking,3540.58,0.0004,2020-07-01
646,1318,savings,19538.06,0.0422,2021-01-12
646,1319,credit,1795.81,0.0009,2021-05-18
647,1320,savings,15337.65,0.014,2020-10-10
648,1321,credit,1669.25,0.0006,2023-03-03
648,1322,savings,10628.47,0.0169,2022-09-20
649,1323,savings,12499.65,0.0334,2024-11-11
649,1324,checking,2647.44,0.0224,2024-03-11
650,1325,checking,6639.9,0.0262,2025-01-14
650,1326,savings,2592.74,0.0345,2023-05-03
650,1327,savings,4890.39,0.0164,2021-08-25
651,1328,checking,1197.69,0.0466,2023-02-27
651,1329,savings,12506.63,0.0105,2024-02-28
652,1330,checking,9459.57,0.043,2022-09-17
652,1331,credit,2863.39,0.008,2023-05-13
652,1332,credit,253.97,0.0195,2024-06-30
653,1333,checking,4572.99,0.0247,2020-10-02
653,1334,credit,2817.5,0.0343,2020-10-22
653,1335,checking,9065.59,0.048,2024-01-26
654,1336,checking,9974.57,0.0405,2025-03-02
654,1337,credit,2368.78,0.0064,2022-12-15
654,1338,credit,3534.91,0.0181,2021-05-02
655,1339,savings,10551.97,0.0208,2024-08-13
655,1340,savings,5453.53,0.0331,2023-06-22
656,1341,savings,4565.76,0.0022,2022-03-25
656,1342,credit,2168.96,0.0242,2023-11-24
656,1343,credit,3225.25,0.024,2021-11-09
657,1344,savings,8652.67,0.0299,2021-03-08
657,1345,credit,2792.57,0.0342,2024-05-11
658,1346,credit,1319.41,0.0462,2024-05-22
658,1347,savings,8406.92,0.049,2023-03-23
659,1348,savings,13811.47,0.0021,2024-05-28
660,1349,checking,3379.87,0.0409,2022-08-03
661,1350,checking,9912.93,0.0053,2021-11-20
661,1351,credit,1249.26,0.0199,2023-06-14
661,1352,savings,3578.12,0.0191,2022-04-29
662,1353,credit,2329.36,0.0045,2022-11-13
662,1354,checking,258.68,0.0474,2024-01-12
663,1355,savings,15599.88,0.003,2020-10-24
663,1356,checking,2137.85,0.0411,2024-03-29
664,1357,credit,541.68,0.0165,2023-02-08
664,1358,checking,5044.87,0.0121,2024-11-13
665,1359,checking,2596.26,0.0224,2023-04-19
666,1360,checking,4314.85,0.0257,2022-10-16
666,1361,credit,574.24,0.0165,2022-04-23
667,1362,savings,4480.61,0.0019,2021-07-26
668,1363,savings,6542.82,0.0438,2021-04-21
668,1364,checking,13572.8,0.0398,2022-02-16
668,1365,savings,9888.66,0.0058,2020-12-28
669,1366,savings,11308.06,0.0277,2024-03-04
669,1367,checking,7562.53,0.007,2022-03-26
670,1368,savings,14789.8,0.0356,2025-02-03
671,1369,checking,6244.02,0.0223,2022-11-13
671,1370,checking,5640.51,0.0088,2021-10-02
671,1371,checking,2400.2,0.045,2022-11-17
672,1372,checking,813.05,0.0034,2023-05-22
673,1373,savings,13929.92,0.0203,2025-02-18
673,1374,credit,3964.06,0.0425,2022-02-15
674,1375,savings,11883.34,0.0172,2024-10-01
674,1376,credit,3201.94,0.047,2024-05-14
675,1377,credit,1935.67,0.038,2023-10-08
675,1378,checking,862.12,0.0385,2021-03-31
675,1379,credit,1356.39,0.0461,2023-10-01
676,1380,checking,2721.21,0.0091,2024-03-18
677,1381,savings,9412.01,0.009,2023-03-14
678,1382,credit,2501.07,0.0094,2020-10-19
678,1383,checking,7214.35,0.0367,2024-03-17
679,1384,credit,664.15,0.0064,2021-07-22
680,1385,savings,5983.07,0.0442,2020-10-07
680,1386,credit,2946.78,0.04,2020-08-01
680,1387,savings,8714.88,0.0095,2022-02-22
681,1388,checking,4644.37,0.0401,2023-08-06
681,1389,savings,7668.56,0.0,2021-11-02
682,1390,credit,658.84,0.0001,2023-08-25
682,1391,checking,9032.77,0.0278,2023-10-19
682,1392,checking,3750.84,0.037,2021-03-02
683,1393,checking,4163.43,0.0054,2020-04-23
683,1394,savings,11610.05,0.033,2021-08-08
683,1395,savings,0.0,0.0485,2022-09-21
684,1396,credit,2624.22,0.0463,2021-09-12
685,1397,credit,1999.8,0.0101,2022-05-29
686,1398,checking,5748.76,0.0026,2021-06-20
686,1399,savings,8614.5,0.0259,2022-10-20
686,1400,checking,6523.59,0.0483,2021-03-19
687,1401,checking,9530.43,0.0034,2022-06-22
687,1402,credit,750.87,0.0238,2022-12-05
687,1403,credit,2613.95,0.0446,2023-10-06
688,1404,credit,1914.19,0.0137,2021-10-06
689,1405,checking,13206.73,0.0323,2022-08-19
689,1406,credit,1591.5,0.0099,2023-12-26
689,1407,checking,7316.04,0.0395,2020-09-02
690,1408,credit,4002.24,0.0415,2023-06-07
690,1409,checking,0.0,0.045,2020-04-11
691,1410,savings,7058.15,0.0472,2023-05-29
691,1411,savings,8703.14,0.0259,2020-11-16
691,1412,savings,7713.34,0.0435,2020-08-15
692,1413,credit,1781.37,0.0462,2020-12-06
692,1414,savings,6753.99,0.0413,2022-07-20
692,1415,checking,758.09,0.0122,2022-07-03
693,1416,savings,5463.13,0.0089,2021-03-06
693,1417,savings,10554.0,0.0446,2023-10-23
694,1418,credit,1148.55,0.0316,2021-11-13
695,1419,savings,17349.97,0.0374,2021-06-24
696,1420,checking,8498.03,0.0362,2021-04-30
696,1421,credit,2582.03,0.0427,2022-06-16
696,1422,checking,4541.01,0.0246,2021-02-24
697,1423,credit,1577.59,0.016,2021-10-18
697,1424,checking,3650.23,0.0461,2022-03-29
698,1425,credit,805.89,0.0301,2024-03-28
699,1426,checking,8565.87,0.0129,2021-01-10
700,1427,credit,2472.29,0.0162,2021-11-10
700,1428,credit,3472.19,0.0172,2024-01-06
700,1429,savings,2774.57,0.0179,2023-10-04
701,1430,savings,5344.49,0.0423,2020-07-18
702,1431,credit,2427.05,0.0275,2023-07-19
703,1432,checking,7230.58,0.0064,2023-01-10
703,1433,savings,13225.12,0.0367,2023-04-04
703,1434,savings,5072.1,0.032,2023-06-06
704,1435,checking,880.74,0.0309,2023-11-26
705,1436,savings,4894.73,0.038,2022-08-12
705,1437,credit,0.0,0.0269,2024-04-23
705,1438,checking,4365.39,0.0116,2025-01-09
706,1439,credit,3760.64,0.0173,2025-02-21
707,1440,credit,2279.6,0.0129,2022-03-27
707,1441,savings,11748.06,0.0487,2020-12-22
708,1442,checking,6243.06,0.0212,2021-10-16
708,1443,checking,8445.06,0.0156,2024-01-23
709,1444,checking,4026.38,0.0196,2022-09-02
709,1445,credit,2163.74,0.0424,2023-10-27
709,1446,savings,22412.1,0.0439,2020-10-09
710,1447,savings,9303.91,0.0101,2020-11-05
710,1448,savings,7794.72,0.0119,2022-04-09
711,1449,checking,7564.5,0.0043,2020-07-20
711,1450,savings,17022.9,0.0347,2020-04-05
712,1451,credit,3106.62,0.0049,2021-07-05
712,1452,checking,4840.81,0.0297,2021-03-07
712,1453,savings,7576.73,0.0179,2021-04-20
713,1454,savings,10076.55,0.0379,2021-02-14
714,1455,credit,1537.76,0.0397,2025-01-01
714,1456,credit,2200.48,0.0056,2022-11-04
714,1457,checking,7592.13,0.0342,2023-10-17
715,1458,savings,15566.79,0.0446,2020-10-29
716,1459,checking,10349.48,0.0092,2023-05-28
716,1460,savings,7577.48,0.0001,2020-06-20
716,1461,savings,4853.08,0.0066,2022-09-01
717,1462,savings,10628.77,0.0221,2024-06-23
717,1463,checking,8745.46,0.016,2022-09-06
718,1464,checking,300.39,0.0321,2023-06-06
719,1465,credit,39.12,0.006,2020-10-19
719,1466,credit,2364.47,0.0023,2020-07-11
720,1467,savings,15370.43,0.0306,2020-11-15
720,1468,savings,9151.67,0.0472,2022-05-10
720,1469,savings,8446.42,0.049,2023-12-11
721,1470,credit,2839.24,0.0372,2025-02-10
721,1471,checking,5740.19,0.0179,2020-08-11
722,1472,credit,4057.61,0.0056,2024-12-31
722,1473,credit,2725.42,0.0391,2021-04-21
723,1474,checking,3005.04,0.048,2023-12-31
724,1475,credit,3098.65,0.0317,2024-10-31
724,1476,savings,12606.6,0.0479,2021-01-28
725,1477,checking,10848.91,0.0189,2021-12-31
725,1478,checking,5007.66,0.0377,2025-02-24
725,1479,credit,470.25,0.0328,2023-05-15
726,1480,savings,15049.86,0.0405,2023-03-23
726,1481,checking,1452.79,0.0292,2021-07-15
726,1482,credit,1144.43,0.0004,2022-11-19
727,1483,savings,8775.03,0.0157,2022-11-04
728,1484,savings,11232.08,0.0003,2023-07-19
729,1485,savings,5699.27,0.0296,2020-11-01
730,1486,checking,2814.92,0.0392,2023-07-11
730,1487,checking,7637.57,0.0222,2021-01-24
730,1488,checking,3392.21,0.0101,2023-04-16
731,1489,credit,3019.89,0.0439,2020-06-10
732,1490,savings,10165.71,0.0328,2024-08-18
732,1491,savings,14010.16,0.0389,2025-01-21
732,1492,checking,6628.34,0.0367,2023-03-11
733,1493,savings,8264.22,0.0349,2022-12-05
733,1494,credit,2330.01,0.0201,2023-11-24
734,1495,credit,4077.42,0.0489,2024-06-11
735,1496,credit,684.68,0.0413,2020-06-12
735,1497,credit,364.52,0.0302,2020-03-26
735,1498,checking,7031.08,0.0005,2021-03-13
736,1499,savings,9626.81,0.0015,2023-09-19
736,1500,credit,3324.5,0.044,2022-10-01
736,1501,credit,1390.38,0.0009,2022-12-22
737,1502,checking,6205.3,0.0014,2021-03-11
737,1503,credit,2312.91,0.0122,2022-06-24
738,1504,savings,6314.03,0.026,2025-03-20
739,1505,checking,6053.77,0.032,2022-09-17
739,1506,savings,10418.63,0.0015,2022-12-20
739,1507,credit,2400.88,0.0033,2024-10-04
740,1508,credit,922.16,0.0139,2024-05-05
740,1509,savings,10221.81,0.044,2023-02-19
740,1510,credit,1522.77,0.0333,2025-02-05
741,1511,checking,0.0,0.0437,2024-12-24
742,1512,savings,15895.54,0.0151,2025-02-08
742,1513,checking,4934.43,0.0115,2022-06-05
742,1514,checking,6005.45,0.043,2022-02-06
743,1515,savings,9564.44,0.0406,2023-12-07
743,1516,checking,8335.18,0.0256,2021-09-11
743,1517,checking,3540.2,0.0331,2021-08-02
744,1518,checking,1445.09,0.0127,2020-07-14
744,1519,credit,2757.28,0.0026,2020-09-06
744,1520,credit,2154.28,0.0331,2025-02-01
745,1521,savings,12786.33,0.0185,2024-01-17
745,1522,savings,14734.04,0.0229,2022-08-04
746,1523,credit,3038.99,0.0471,2022-05-18
746,1524,credit,3976.28,0.0459,2024-04-24
747,1525,savings,11312.5,0.0399,2023-06-25
748,1526,checking,8354.96,0.0019,2020-05-29
748,1527,savings,4654.95,0.0073,2023-01-09
749,1528,checking,3161.04,0.0377,2025-03-10
750,1529,checking,8088.17,0.0408,2021-12-12
750,1530,savings,3938.61,0.0008,2024-04-30
751,1531,checking,5496.92,0.0477,2022-06-19
751,1532,savings,10422.22,0.0021,2021-11-13
752,1533,credit,2340.33,0.0352,2024-04-23
752,1534,savings,17863.85,0.0234,2023-03-22
752,1535,credit,1827.19,0.0374,2024-07-17
753,1536,savings,0.0,0.0013,2024-06-25
753,1537,savings,7702.37,0.0154,2024-07-17
753,1538,savings,13649.17,0.0492,2020-12-11
754,1539,savings,12264.09,0.0473,2021-04-18
754,1540,checking,7115.57,0.0329,2022-04-14
754,1541,credit,2426.18,0.0422,2023-09-30
755,1542,credit,2032.68,0.0221,2021-11-14
755,1543,checking,3581.17,0.0428,2023-04-05
756,1544,savings,5484.99,0.0355,2022-07-21
757,1545,credit,2958.05,0.0468,2025-03-10
758,1546,checking,6463.5,0.0379,2024-06-19
758,1547,savings,3633.4,0.0156,2024-04-18
759,1548,credit,2956.1,0.0255,2022-11-17
759,1549,checking,5588.77,0.0385,2021-06-10
760,1550,credit,1328.86,0.0051,2023-05-29
761,1551,credit,1601.46,0.0397,2025-02-21
762,1552,checking,723.57,0.0331,2020-07-04
762,1553,checking,5754.59,0.0489,2022-06-02
762,1554,credit,2936.83,0.0439,2020-06-25
763,1555,savings,12792.68,0.0335,2021-03-02
763,1556,checking,6323.46,0.0425,2021-12-03
763,1557,credit,3108.71,0.0069,2023-12-12
764,1558,checking,8362.94,0.0427,2024-09-30
764,1559,credit,2493.89,0.0462,2020-11-30
764,1560,savings,8399.09,0.0328,2024-10-02
765,1561,credit,959.09,0.0347,2021-12-12
765,1562,checking,8800.56,0.026,2021-10-12
766,1563,credit,1085.53,0.008,2024-09-12
766,1564,savings,18331.99,0.0294,2020-04-19
767,1565,checking,8575.66,0.0295,2021-09-10
767,1566,checking,4975.36,0.0068,2020-04-09
767,1567,credit,1882.92,0.0299,2020-11-12
768,1568,checking,5206.25,0.0206,2020-07-16
769,1569,credit,1221.55,0.0231,2022-02-26
770,1570,savings,13258.17,0.0459,2024-04-25
770,1571,credit,3320.27,0.0073,2021-06-14
771,1572,savings,18890.81,0.0138,2022-10-11
772,1573,credit,2211.42,0.0191,2022-09-16
772,1574,savings,15607.69,0.0223,2021-11-30
773,1575,checking,4749.04,0.048,2021-08-26
773,1576,savings,9790.41,0.0142,2022-03-23
774,1577,savings,7017.0,0.0154,2024-05-31
775,1578,checking,2921.24,0.0266,2023-03-15
775,1579,savings,5013.08,0.0231,2023-03-17
775,1580,checking,848.05,0.0402,2022-02-10
776,1581,checking,3819.8,0.0249,2022-05-31
776,1582,credit,1760.71,0.0057,2020-03-25
776,1583,credit,3775.85,0.0107,2022-04-16
777,1584,savings,12723.87,0.0182,2022-01-21
777,1585,checking,7137.39,0.0069,2023-11-06
778,1586,credit,1105.93,0.0499,2022-05-14
778,1587,checking,4815.23,0.0344,2024-10-11
779,1588,credit,1391.79,0.0034,2024-03-20
779,1589,savings,5479.41,0.0093,2023-04-12
779,1590,savings,6455.53,0.0189,2022-10-04
780,1591,credit,2819.47,0.0112,2025-03-13
780,1592,credit,2323.47,0.0288,2021-08-18
780,1593,credit,1325.17,0.0432,2021-11-10
781,1594,credit,2696.97,0.0357,2022-10-28
781,1595,credit,1693.68,0.0196,2020-05-03
781,1596,credit,1867.4,0.0393,2023-12-20
782,1597,savings,9529.03,0.0272,2021-07-16
782,1598,checking,7377.78,0.0498,2020-10-05
782,1599,savings,13495.81,0.0317,2020-08-31
783,1600,checking,1996.14,0.0103,2023-01-21
783,1601,savings,14022.96,0.0281,2024-03-09
783,1602,credit,3137.58,0.0278,2020-12-15
784,1603,credit,2530.11,0.02,2023-11-09
784,1604,savings,11125.97,0.0343,2023-11-26
784,1605,credit,4367.61,0.0418,2021-07-13
785,1606,credit,2394.16,0.0171,2023-06-25
785,1607,checking,6241.7,0.0243,2024-01-28
785,1608,credit,2902.48,0.0179,2025-02-16
786,1609,credit,178.19,0.039,2023-12-28
787,1610,credit,2158.87,0.0467,2022-04-20
787,1611,savings,851.19,0.017,2021-07-05
788,1612,credit,1983.03,0.0476,2023-11-14
788,1613,savings,11302.84,0.013,2024-07-15
788,1614,savings,5436.0,0.0192,2024-04-07
789,1615,savings,11544.58,0.0498,2020-10-27
790,1616,checking,2591.91,0.0261,2022-06-04
790,1617,checking,8951.17,0.0165,2022-06-19
790,1618,credit,2426.63,0.0014,2023-07-12
791,1619,savings,0.0,0.0098,2022-11-21
791,1620,credit,2203.93,0.0307,2021-11-03
792,1621,checking,1697.86,0.0201,2023-03-20
792,1622,credit,1394.12,0.0082,2020-08-02
793,1623,credit,2956.09,0.0252,2022-10-12
793,1624,credit,2884.35,0.0171,2024-05-05
793,1625,credit,1172.59,0.0253,2023-05-10
794,1626,credit,1658.42,0.0252,2020-07-02
795,1627,savings,9597.31,0.0071,2021-05-11
795,1628,checking,7287.23,0.044,2021-09-19
795,1629,savings,6766.68,0.002,2023-04-28
796,1630,checking,4236.06,0.0369,2023-08-12
796,1631,credit,2058.24,0.0021,2021-08-25
796,1632,credit,1278.55,0.0303,2022-11-26
797,1633,savings,13443.55,0.0466,2023-10-24
797,1634,checking,7452.74,0.0379,2023-11-09
798,1635,savings,14010.55,0.02,2023-05-20
798,1636,checking,5826.02,0.0425,2020-03-29
798,1637,credit,951.19,0.0295,2021-07-11
799,1638,credit,1404.11,0.0405,2021-01-24
800,1639,savings,2829.87,0.0134,2025-02-18
800,1640,checking,9457.41,0.0273,2023-09-22
801,1641,checking,6801.61,0.0469,2023-05-12
801,1642,savings,8542.65,0.0003,2024-01-05
802,1643,credit,1542.71,0.0065,2021-09-28
802,1644,savings,5241.81,0.0102,2021-12-15
803,1645,checking,11617.6,0.0013,2022-09-04
803,1646,savings,9843.86,0.0327,2023-10-02
804,1647,credit,3046.29,0.0137,2022-08-01
804,1648,savings,17611.94,0.0225,2025-01-20
805,1649,checking,0.0,0.0459,2024-06-12
805,1650,credit,2711.56,0.0152,2023-09-30
806,1651,credit,1752.19,0.0245,2023-12-14
807,1652,savings,11575.91,0.0413,2024-06-05
808,1653,checking,1612.11,0.0127,2023-01-30
809,1654,checking,7580.51,0.0128,2021-06-01
809,1655,savings,4338.82,0.0435,2021-06-23
810,1656,checking,4410.77,0.0423,2020-05-25
810,1657,savings,5236.44,0.0099,2022-07-11
810,1658,credit,619.23,0.024,2021-09-12
811,1659,checking,3277.27,0.0484,2021-08-20
811,1660,credit,707.29,0.0435,2023-04-24
812,1661,checking,6973.25,0.0441,2021-04-19
812,1662,credit,1882.36,0.0168,2022-01-21
812,1663,checking,10300.86,0.0403,2025-01-20
813,1664,savings,14301.8,0.0247,2023-04-10
813,1665,savings,12081.77,0.0149,2020-12-15
813,1666,credit,1922.13,0.0234,2024-06-22
814,1667,checking,7673.16,0.0354,2024-05-31
815,1668,credit,3443.73,0.0132,2022-05-01
815,1669,savings,5413.4,0.0153,2021-03-22
815,1670,savings,5449.72,0.003,2022-07-30
816,1671,credit,2357.73,0.0201,2021-09-05
816,1672,savings,10490.81,0.0004,2020-10-05
817,1673,savings,3585.06,0.032,2023-11-27
817,1674,checking,2201.26,0.0156,2025-02-19
818,1675,checking,1390.41,0.0415,2021-03-19
818,1676,savings,6712.71,0.0047,2020-12-04
819,1677,credit,3664.98,0.0091,2021-11-04
819,1678,savings,15998.2,0.0356,2024-05-19
820,1679,credit,2529.01,0.0466,2024-01-25
821,1680,credit,3916.88,0.0075,2020-06-24
821,1681,checking,5303.2,0.0313,2022-07-07
821,1682,savings,8366.26,0.0116,2023-05-06
822,1683,checking,6041.95,0.0159,2022-09-08
822,1684,credit,3910.94,0.0058,2020-05-25
823,1685,checking,6971.49,0.0003,2024-02-23
823,1686,savings,18705.3,0.0389,2024-07-30
824,1687,checking,9765.35,0.0168,2020-10-30
825,1688,credit,1789.14,0.0247,2021-08-26
826,1689,savings,10384.68,0.0426,2024-03-20
826,1690,credit,2414.37,0.0166,2022-02-25
826,1691,credit,1639.33,0.0492,2023-09-19
827,1692,credit,1968.25,0.0061,2022-12-20
827,1693,credit,2003.72,0.003,2022-03-06
827,1694,credit,2748.34,0.0492,2023-12-14
828,1695,savings,16571.72,0.0137,2020-10-31
828,1696,savings,0.0,0.0456,2024-11-07
828,1697,savings,8475.65,0.0089,2022-08-08
829,1698,savings,1280.54,0.0375,2023-03-16
830,1699,checking,6175.05,0.0283,2024-07-05
830,1700,savings,16793.49,0.0323,2023-10-12
830,1701,credit,1375.11,0.0189,2021-07-27
831,1702,savings,11740.46,0.0202,2020-09-11
831,1703,credit,1865.64,0.0125,2020-04-05
832,1704,checking,4776.52,0.0049,2022-10-08
833,1705,checking,8685.69,0.038,2024-07-05
833,1706,savings,11327.67,0.0364,2024-09-15
833,1707,checking,14694.18,0.0181,2024-04-02
834,1708,credit,2465.58,0.0459,2022-08-30
834,1709,savings,13023.07,0.0215,2021-02-10
835,1710,credit,1910.58,0.0487,2024-07-09
835,1711,credit,3479.05,0.0002,2021-01-25
835,1712,checking,4407.03,0.0127,2021-04-16
836,1713,savings,5922.13,0.0407,2020-06-03
836,1714,credit,2595.51,0.0242,2021-07-24
836,1715,credit,812.93,0.0238,2024-09-12
837,1716,credit,1314.5,0.0144,2024-03-26
837,1717,credit,1313.85,0.0058,2024-03-27
838,1718,checking,10589.13,0.0336,2020-04-17
839,1719,checking,3948.51,0.0132,2025-02-02
839,1720,credit,935.89,0.0096,2025-01-06
840,1721,savings,3860.52,0.0046,2020-09-07
840,1722,credit,2571.99,0.0407,2020-08-21
840,1723,savings,4550.24,0.0285,2024-03-19
841,1724,credit,1959.53,0.0296,2022-04-26
841,1725,checking,7049.7,0.0264,2020-05-22
842,1726,savings,14898.6,0.0251,2021-05-01
842,1727,credit,3570.26,0.043,2021-02-19
842,1728,credit,2126.32,0.0378,2021-10-28
843,1729,savings,14381.36,0.0361,2024-06-20
843,1730,credit,3498.03,0.0022,2024-05-30
843,1731,checking,7125.29,0.0104,2021-03-24
844,1732,checking,3805.49,0.0365,2023-12-06
844,1733,checking,2291.68,0.0016,2022-12-16
845,1734,checking,4314.82,0.0344,2021-07-14
845,1735,credit,2833.76,0.0327,2023-12-14
845,1736,credit,2398.24,0.0001,2024-12-20
846,1737,checking,7378.77,0.0136,2022-04-18
846,1738,credit,5197.77,0.0261,2021-07-01
847,1739,savings,13019.63,0.0303,2022-07-15
848,1740,credit,877.79,0.0039,2020-09-15
848,1741,checking,4637.72,0.0034,2023-10-16
849,1742,checking,4261.21,0.0287,2023-06-09
849,1743,savings,11590.56,0.001,2022-07-06
850,1744,credit,3046.08,0.0435,2022-10-07
851,1745,savings,8041.59,0.0149,2024-10-08
851,1746,savings,6381.5,0.0432,2022-02-14
852,1747,credit,2346.72,0.0277,2024-02-23
853,1748,credit,1645.05,0.0152,2022-04-23
854,1749,savings,14120.31,0.0388,2021-10-20
854,1750,savings,7023.7,0.0322,2024-06-30
855,1751,checking,7059.3,0.0116,2024-02-06
855,1752,credit,1678.12,0.014,2023-12-09
855,1753,credit,2159.83,0.04,2022-03-11
856,1754,credit,1972.46,0.0425,2023-08-25
856,1755,checking,6316.75,0.0281,2023-11-09
857,1756,credit,1359.99,0.0085,2023-02-28
857,1757,credit,1438.07,0.009,2021-07-11
858,1758,savings,9691.72,0.0271,2022-05-17
858,1759,savings,16496.07,0.0246,2024-05-15
859,1760,savings,88.22,0.0216,2022-12-24
859,1761,savings,11215.97,0.0161,2020-03-29
859,1762,savings,4433.33,0.0207,2024-08-05
860,1763,credit,3203.32,0.0214,2021-08-04
860,1764,savings,14151.14,0.023,2024-12-02
861,1765,credit,1630.22,0.0365,2021-11-18
861,1766,checking,11884.21,0.0092,2024-03-15
862,1767,checking,847.02,0.0121,2021-05-22
862,1768,savings,12301.65,0.0462,2022-08-27
862,1769,savings,3603.98,0.0244,2020-04-20
863,1770,credit,2552.22,0.0023,2020-11-08
863,1771,credit,4587.86,0.0253,2020-12-27
864,1772,savings,14415.08,0.0477,2022-08-10
865,1773,checking,3401.78,0.0139,2023-01-03
866,1774,savings,7456.37,0.0106,2021-08-29
866,1775,savings,3909.98,0.0473,2024-08-25
866,1776,checking,9527.25,0.0239,2023-12-29
867,1777,credit,3094.57,0.0055,2020-04-30
867,1778,savings,2977.23,0.0126,2021-08-16
867,1779,savings,11473.68,0.0326,2022-01-22
868,1780,checking,8533.63,0.0214,2020-07-21
868,1781,savings,5794.17,0.0045,2023-08-26
868,1782,checking,7387.22,0.0252,2020-07-27
869,1783,checking,2801.31,0.0014,2023-02-13
869,1784,checking,5726.06,0.0409,2022-05-01
870,1785,savings,23567.24,0.0351,2023-06-07
870,1786,savings,21833.71,0.039,2024-12-03
870,1787,checking,3664.58,0.0045,2022-12-28
871,1788,savings,9709.29,0.0325,2024-05-10
872,1789,savings,12430.72,0.0493,2022-07-22
873,1790,credit,1792.15,0.0108,2020-08-18
873,1791,savings,0.0,0.0226,2020-06-23
874,1792,checking,6951.55,0.0426,2020-12-23
875,1793,savings,13533.21,0.0231,2021-12-06
875,1794,checking,4593.26,0.0396,2022-02-15
875,1795,savings,14993.9,0.0108,2020-07-04
876,1796,checking,160.19,0.0308,2020-10-24
876,1797,checking,11672.71,0.0223,2024-02-22
877,1798,credit,1626.65,0.0199,2022-11-04
877,1799,checking,6174.26,0.0185,2020-08-11
878,1800,checking,9527.8,0.0062,2024-01-11
879,1801,credit,2518.51,0.019,2022-09-20
879,1802,credit,423.39,0.0213,2022-01-29
880,1803,checking,4899.25,0.012,2023-07-19
880,1804,credit,488.47,0.0027,2023-05-28
881,1805,credit,2648.42,0.0304,2023-07-29
881,1806,credit,2788.52,0.0474,2023-06-20
881,1807,credit,0.0,0.0445,2023-08-05
882,1808,savings,5907.99,0.0377,2021-05-29
882,1809,checking,6857.87,0.0065,2021-01-18
883,1810,credit,2136.39,0.0075,2024-01-06
883,1811,credit,881.75,0.0132,2025-02-05
883,1812,savings,17800.93,0.0483,2023-08-19
884,1813,savings,12529.42,0.0377,2024-10-09
884,1814,savings,10225.91,0.0297,2025-01-11
885,1815,checking,4683.8,0.0141,2022-07-27
885,1816,savings,21301.47,0.0275,2020-10-03
886,1817,credit,3864.9,0.012,2020-07-16
886,1818,credit,2480.33,0.0433,2022-02-23
887,1819,checking,319.42,0.0285,2022-03-16
887,1820,checking,1913.68,0.0133,2021-07-08
887,1821,credit,607.75,0.0259,2020-05-21
888,1822,credit,2787.94,0.0398,2020-12-30
888,1823,savings,21512.49,0.0363,2023-08-16
888,1824,credit,432.11,0.0023,2020-11-14
889,1825,credit,1818.89,0.0446,2023-03-10
890,1826,credit,3525.85,0.0195,2022-09-18
891,1827,savings,14144.34,0.0349,2024-08-11
891,1828,savings,14971.57,0.0372,2023-04-23
891,1829,checking,4718.0,0.0347,2024-09-17
892,1830,credit,309.47,0.0487,2021-09-23
892,1831,checking,2894.3,0.0349,2024-04-23
892,1832,checking,11472.3,0.0332,2024-03-15
893,1833,savings,3061.39,0.0005,2021-02-13
893,1834,credit,1158.08,0.0109,2023-04-08
894,1835,savings,12615.31,0.015,2021-09-02
894,1836,checking,7327.66,0.028,2022-09-11
895,1837,checking,335.34,0.03,2023-09-23
895,1838,savings,8420.15,0.0385,2024-02-05
896,1839,credit,3749.0,0.0128,2022-07-09
896,1840,credit,1781.5,0.0114,2022-10-31
897,1841,savings,7903.92,0.0457,2021-06-09
898,1842,credit,993.41,0.01,2022-04-19
898,1843,credit,1894.1,0.0433,2021-10-03
899,1844,savings,13450.47,0.0206,2020-10-03
900,1845,savings,15012.31,0.0174,2020-08-17
901,1846,savings,14577.78,0.0038,2021-03-30
902,1847,checking,6417.65,0.0446,2024-08-05
902,1848,credit,2776.39,0.0388,2024-07-29
902,1849,checking,7396.62,0.0025,2020-05-30
903,1850,credit,5213.36,0.004,2020-10-30
903,1851,credit,3441.11,0.022,2024-11-22
903,1852,checking,4962.46,0.017,2022-03-25
904,1853,savings,9896.97,0.0118,2024-07-11
905,1854,credit,2052.75,0.0298,2022-12-26
905,1855,savings,5630.43,0.0462,2023-02-26
905,1856,savings,11776.87,0.0178,2023-05-27
906,1857,checking,2369.15,0.0461,2021-02-09
906,1858,savings,9353.65,0.0065,2024-10-22
906,1859,checking,3361.95,0.0255,2025-03-10
907,1860,checking,5642.79,0.0255,2025-02-13
907,1861,credit,3226.47,0.0139,2021-12-20
907,1862,credit,2639.42,0.0066,2020-11-13
908,1863,checking,7178.29,0.0143,2021-10-24
908,1864,savings,9657.23,0.0352,2024-10-04
909,1865,savings,6954.45,0.0049,2020-06-12
910,1866,savings,7122.79,0.038,2020-12-19
911,1867,checking,6724.66,0.0379,2022-05-30
911,1868,credit,685.21,0.0389,2023-06-09
911,1869,savings,7638.0,0.0347,2021-12-08
912,1870,savings,10294.72,0.0065,2022-09-26
912,1871,credit,3138.56,0.0469,2022-03-27
912,1872,checking,10199.38,0.0496,2023-12-29
913,1873,checking,6448.7,0.0436,2022-10-23
913,1874,credit,0.0,0.0401,2024-08-08
914,1875,savings,14532.74,0.0153,2022-02-25
914,1876,savings,17237.83,0.0183,2021-10-31
915,1877,credit,2009.62,0.0451,2022-04-24
915,1878,checking,10516.12,0.0466,2022-03-19
916,1879,credit,1130.3,0.05,2023-10-14
916,1880,credit,3483.85,0.0447,2024-12-07
916,1881,credit,3835.69,0.003,2022-02-06
917,1882,checking,3880.29,0.0147,2024-03-29
917,1883,savings,4451.16,0.0291,2022-05-17
917,1884,credit,1250.85,0.0275,2020-10-14
918,1885,credit,1352.79,0.0362,2024-08-02
919,1886,checking,11005.6,0.0373,2023-02-13
919,1887,checking,2154.19,0.0028,2025-02-14
919,1888,credit,1033.79,0.0061,2020-12-31
920,1889,savings,12425.66,0.0095,2021-12-31
920,1890,checking,5019.8,0.0412,2021-07-24
920,1891,checking,9434.9,0.0235,2023-04-15
921,1892,savings,15837.81,0.0451,2020-07-09
922,1893,savings,11456.08,0.012,2024-08-03
922,1894,checking,788.07,0.02,2023-01-29
923,1895,savings,14638.69,0.0035,2022-01-30
924,1896,credit,1311.7,0.0329,2020-11-20
924,1897,credit,0.0,0.0008,2024-05-24
925,1898,savings,7350.95,0.025,2021-10-29
925,1899,checking,3172.98,0.0479,2021-09-20
926,1900,checking,8845.74,0.0197,2020-11-02
926,1901,credit,1308.74,0.0404,2023-03-23
926,1902,credit,1317.86,0.0195,2022-02-11
927,1903,checking,6558.19,0.0031,2023-04-01
927,1904,checking,3719.24,0.0192,2022-06-06
928,1905,checking,5606.36,0.0356,2021-03-23
928,1906,checking,4202.75,0.0047,2022-04-23
928,1907,credit,1666.36,0.0058,2023-12-30
929,1908,checking,3133.96,0.0278,2020-08-24
930,1909,savings,9946.69,0.0221,2020-05-05
930,1910,credit,1707.1,0.0493,2025-01-11
931,1911,checking,217.2,0.0142,2020-09-14
932,1912,credit,1741.69,0.0306,2024-02-05
932,1913,savings,9882.4,0.0012,2024-03-15
932,1914,checking,7105.36,0.0015,2024-10-18
933,1915,credit,1849.15,0.0321,2024-07-10
933,1916,credit,836.65,0.013,2024-03-08
933,1917,checking,8048.37,0.0173,2023-07-21
934,1918,checking,6062.38,0.0442,2020-12-03
934,1919,savings,9908.68,0.0252,2022-04-09
935,1920,savings,12663.92,0.0295,2024-05-12
935,1921,savings,7753.12,0.0206,2024-07-02
935,1922,checking,3050.2,0.0007,2024-02-26
936,1923,savings,10927.87,0.031,2020-10-01
937,1924,savings,11004.18,0.0271,2023-05-09
938,1925,savings,15618.81,0.0019,2023-03-04
938,1926,checking,3893.59,0.0417,2023-10-06
938,1927,credit,1703.12,0.0205,2020-07-28
939,1928,checking,4918.08,0.036,2022-03-10
939,1929,checking,3139.79,0.0167,2024-10-07
939,1930,savings,15703.37,0.0153,2023-10-30
940,1931,checking,4566.47,0.0467,2023-11-21
940,1932,checking,5021.35,0.0428,2023-07-06
940,1933,checking,8042.64,0.0454,2020-06-03
941,1934,savings,12908.37,0.0033,2020-08-24
942,1935,savings,15314.11,0.0419,2021-10-11
942,1936,checking,5322.57,0.0032,2024-09-30
942,1937,savings,0.0,0.002,2022-06-13
943,1938,credit,1117.68,0.0263,2024-03-23
943,1939,checking,5211.02,0.0182,2021-11-07
943,1940,savings,13670.83,0.0379,2023-07-19
944,1941,checking,6282.2,0.022,2021-03-31
945,1942,credit,1612.8,0.0219,2024-04-01
946,1943,savings,14726.7,0.0233,2020-06-18
946,1944,checking,4456.89,0.0175,2022-09-18
947,1945,credit,2372.28,0.0386,2020-07-07
948,1946,checking,4127.72,0.0411,2024-08-01
948,1947,checking,3422.13,0.0496,2024-12-19
948,1948,credit,2424.46,0.0244,2021-09-11
949,1949,checking,7372.55,0.0297,2020-06-12
949,1950,credit,3548.19,0.0131,2021-09-15
950,1951,savings,10099.76,0.0092,2024-12-10
950,1952,checking,6992.27,0.026,2021-10-21
950,1953,savings,8407.87,0.0486,2023-06-19
951,1954,savings,10367.77,0.0359,2021-07-06
952,1955,savings,14907.89,0.0045,2021-08-22
953,1956,credit,3239.68,0.0175,2020-10-15
953,1957,credit,1485.78,0.0367,2020-09-10
953,1958,credit,544.77,0.0286,2020-09-21
954,1959,savings,144.51,0.0244,2022-10-25
955,1960,checking,6174.1,0.0306,2023-08-31
955,1961,credit,748.79,0.0388,2020-05-15
955,1962,credit,0.0,0.0302,2024-04-12
956,1963,checking,5040.77,0.0326,2021-12-28
957,1964,credit,2216.82,0.0457,2022-09-19
957,1965,credit,731.41,0.0477,2024-02-01
957,1966,credit,3236.43,0.0421,2020-12-22
958,1967,credit,3923.23,0.0267,2021-01-22
959,1968,savings,11743.23,0.0361,2020-09-01
959,1969,savings,2384.36,0.0443,2023-06-01
960,1970,checking,3104.59,0.0374,2021-05-30
960,1971,savings,6414.55,0.0197,2021-05-28
961,1972,checking,4393.31,0.0404,2024-08-04
962,1973,savings,5770.06,0.0439,2022-07-08
963,1974,savings,5731.72,0.0045,2024-01-22
963,1975,savings,13057.14,0.0243,2022-09-17
964,1976,credit,1007.47,0.0296,2024-01-22
965,1977,credit,1679.02,0.0486,2020-09-14
965,1978,credit,2093.65,0.0187,2024-05-26
966,1979,checking,5745.59,0.0376,2023-11-11
967,1980,savings,10073.7,0.0024,2024-05-12
967,1981,savings,6239.51,0.0277,2020-06-19
968,1982,checking,9538.12,0.0029,2020-07-08
968,1983,savings,2435.97,0.0323,2024-11-03
968,1984,savings,13437.47,0.0453,2023-12-13
969,1985,savings,18067.38,0.0263,2020-08-21
969,1986,checking,2615.85,0.0157,2024-04-28
969,1987,checking,6970.92,0.0358,2021-01-30
970,1988,checking,6180.45,0.0198,2023-12-14
971,1989,checking,1845.2,0.0214,2021-02-18
971,1990,credit,2108.92,0.0422,2024-02-07
972,1991,savings,13046.6,0.0498,2024-07-13
972,1992,credit,0.0,0.0091,2025-03-12
972,1993,checking,2154.23,0.0303,2020-10-03
973,1994,checking,5147.58,0.011,2023-04-19
973,1995,checking,5126.42,0.0416,2022-04-28
974,1996,credit,1890.17,0.0316,2023-12-03
975,1997,savings,5300.28,0.0169,2022-10-31
975,1998,credit,1449.18,0.0115,2023-01-19
975,1999,checking,7341.06,0.0012,2020-07-18
976,2000,savings,16457.06,0.007,2024-04-21
976,2001,credit,1952.86,0.0126,2022-04-28
976,2002,checking,0.0,0.0161,2024-10-03
977,2003,credit,1845.09,0.0283,2021-08-07
977,2004,savings,10402.56,0.0365,2021-12-04
977,2005,savings,15577.42,0.0004,2025-01-31
978,2006,credit,1600.1,0.0451,2024-06-25
978,2007,savings,9892.54,0.022,2022-08-15
978,2008,savings,11960.17,0.0293,2023-01-05
979,2009,credit,1202.28,0.0332,2025-02-06
979,2010,credit,1344.94,0.0267,2021-01-10
979,2011,savings,12439.31,0.0291,2022-09-21
980,2012,checking,4851.31,0.0092,2025-02-01
980,2013,credit,1821.4,0.0065,2021-05-11
980,2014,checking,8110.86,0.0105,2021-06-24
981,2015,checking,9031.82,0.015,2020-08-09
982,2016,checking,210.0,0.0109,2023-07-04
982,2017,credit,1718.13,0.0195,2020-06-07
983,2018,checking,1392.16,0.0424,2021-05-17
983,2019,savings,15088.27,0.0043,2021-07-29
984,2020,checking,1927.27,0.0171,2021-07-06
985,2021,checking,4876.89,0.0282,2021-02-11
986,2022,savings,1554.7,0.0467,2020-09-25
987,2023,credit,1293.63,0.044,2020-09-26
987,2024,checking,6678.47,0.0163,2021-08-26
987,2025,savings,16289.05,0.0445,2020-06-16
988,2026,credit,1843.47,0.0323,2024-04-01
989,2027,credit,2207.84,0.0455,2021-10-12
990,2028,checking,5766.04,0.0334,2021-12-01
991,2029,credit,2673.69,0.0375,2022-04-08
991,2030,credit,2948.43,0.0308,2024-04-12
992,2031,credit,2944.94,0.0068,2023-08-17
992,2032,checking,6242.12,0.0294,2022-03-22
993,2033,credit,844.62,0.0141,2020-06-20
994,2034,savings,9866.47,0.0331,2023-02-07
995,2035,checking,2193.82,0.0133,2023-05-20
995,2036,checking,5976.78,0.0052,2020-11-16
996,2037,checking,6918.87,0.0202,2024-05-01
996,2038,savings,7344.93,0.0189,2022-01-28
996,2039,credit,2071.52,0.0317,2022-01-27
997,2040,checking,1430.43,0.029,2024-05-18
997,2041,credit,1201.44,0.0484,2024-11-19
998,2042,checking,2721.64,0.0286,2021-02-21
999,2043,checking,6777.19,0.0203,2023-01-18
1000,2044,savings,6834.13,0.0347,2020-04-29
