user_id,loan_id,loan_type,amount,interest_rate,term_months,status,start_date
3,1,personal,13670.46,0.0783,271,defaulted,2020-04-22
4,2,student,16427.67,0.0647,101,active,2023-07-25
4,3,personal,15762.25,0.1108,329,paid,2023-02-20
5,4,auto,18318.24,0.1265,187,defaulted,2020-11-05
5,5,personal,12214.1,0.0549,30,paid,2021-06-15
6,6,mortgage,7789.03,0.1273,127,paid,2021-07-28
7,7,mortgage,6931.29,0.1349,56,defaulted,2022-01-24
8,8,auto,1616.36,0.0841,133,defaulted,2024-12-24
9,9,mortgage,12260.43,0.1153,169,paid,2024-07-23
9,10,mortgage,3662.4,0.0724,54,defaulted,2024-08-10
10,11,personal,9069.58,0.1136,14,paid,2022-08-11
10,12,personal,2623.21,0.1063,59,defaulted,2021-06-23
11,13,mortgage,7187.8,0.0942,141,paid,2021-05-23
11,14,personal,9892.27,0.1061,351,paid,2021-12-26
12,15,student,15740.41,0.1347,185,defaulted,2021-02-12
12,16,personal,2655.79,0.1136,54,paid,2022-07-31
17,17,personal,13864.88,0.0554,276,defaulted,2024-03-16
17,18,mortgage,11983.87,0.0798,24,defaulted,2021-10-09
18,19,student,13107.99,0.0636,350,defaulted,2021-06-09
19,20,student,16978.12,0.0566,157,defaulted,2023-09-08
19,21,student,11056.3,0.0902,231,active,2021-11-18
21,22,mortgage,8148.15,0.1321,41,active,2023-09-07
21,23,student,11726.4,0.1205,282,defaulted,2022-10-18
23,24,student,1000.0,0.1369,79,defaulted,2021-09-02
23,25,mortgage,21112.68,0.0628,246,defaulted,2022-06-16
24,26,mortgage,8529.59,0.1349,157,paid,2021-02-04
25,27,mortgage,8821.25,0.1434,217,active,2022-02-08
27,28,auto,15642.34,0.1191,241,active,2024-11-20
27,29,auto,1953.13,0.1024,159,defaulted,2022-02-02
28,30,student,1450.44,0.1047,271,defaulted,2025-01-23
28,31,student,6994.74,0.103,130,active,2023-04-07
29,32,student,10214.42,0.0697,277,active,2022-11-29
30,33,personal,7749.52,0.052,347,paid,2024-04-04
30,34,auto,9519.74,0.1461,37,paid,2024-08-29
32,35,auto,8614.31,0.0951,309,paid,2020-08-30
33,36,mortgage,10987.92,0.0645,243,active,2021-03-12
34,37,mortgage,10384.67,0.0725,154,active,2021-12-23
35,38,mortgage,9435.38,0.1094,274,defaulted,2020-05-15
36,39,student,9645.0,0.0705,238,paid,2024-01-06
36,40,student,13344.92,0.1392,176,defaulted,2021-04-29
43,41,personal,17549.23,0.0851,158,defaulted,2021-04-24
44,42,auto,9366.23,0.1169,21,paid,2021-09-11
44,43,student,9095.03,0.0744,141,defaulted,2025-03-21
46,44,auto,12215.08,0.1115,65,active,2021-07-27
46,45,personal,11997.57,0.0989,92,defaulted,2021-04-21
47,46,student,11642.74,0.1368,181,paid,2021-07-16
47,47,personal,17898.38,0.0832,240,paid,2024-09-04
48,48,mortgage,8557.26,0.1116,109,defaulted,2021-07-14
49,49,auto,8544.87,0.0618,147,active,2020-08-24
49,50,student,9207.65,0.122,256,paid,2020-04-21
54,51,student,17683.44,0.0924,324,active,2022-01-12
54,52,student,5796.78,0.11,20,defaulted,2023-01-14
55,53,student,17676.04,0.0866,266,paid,2022-06-22
55,54,auto,12429.6,0.1321,265,active,2024-04-07
56,55,student,6698.21,0.0722,141,active,2023-06-09
56,56,personal,7452.98,0.0876,32,defaulted,2023-02-02
57,57,mortgage,14404.75,0.0961,347,active,2022-03-08
58,58,auto,13503.39,0.1315,314,paid,2024-02-01
59,59,personal,6675.02,0.0726,220,active,2023-05-28
60,60,student,17000.03,0.1129,174,active,2023-06-08
60,61,personal,17665.74,0.0599,248,paid,2024-01-17
61,62,mortgage,11341.28,0.0556,282,active,2022-05-04
67,63,mortgage,5095.05,0.1313,195,active,2020-07-10
67,64,auto,7763.04,0.0525,103,defaulted,2022-12-09
71,65,personal,17846.31,0.1325,194,defaulted,2022-12-24
74,66,personal,12199.03,0.1297,22,paid,2024-10-18
76,67,personal,5991.82,0.1114,205,active,2022-08-26
76,68,auto,9204.27,0.0813,15,defaulted,2024-04-04
77,69,auto,14990.15,0.0957,142,paid,2024-10-17
78,70,mortgage,14319.55,0.1181,37,paid,2022-03-18
79,71,auto,1000.0,0.1153,27,paid,2024-04-20
80,72,student,14839.14,0.0587,88,paid,2021-11-01
80,73,auto,10651.05,0.1467,265,paid,2023-07-29
81,74,student,3101.2,0.0829,95,defaulted,2024-01-18
83,75,student,2214.03,0.052,268,active,2023-09-10
85,76,personal,4959.16,0.1111,129,paid,2021-01-29
86,77,mortgage,12277.09,0.0781,141,paid,2022-05-09
86,78,auto,14834.75,0.0938,206,paid,2024-11-11
87,79,mortgage,1000.0,0.1018,85,active,2020-08-13
87,80,student,13833.67,0.1462,217,defaulted,2022-01-28
88,81,auto,3320.13,0.0931,171,paid,2021-07-13
88,82,student,10801.67,0.1482,271,active,2022-06-01
91,83,auto,12373.46,0.1231,19,paid,2020-11-16
94,84,auto,15067.68,0.1264,154,defaulted,2021-11-27
96,85,student,7146.2,0.0558,13,active,2020-07-18
97,86,student,19915.97,0.1274,287,active,2021-04-14
97,87,mortgage,2797.3,0.1437,53,paid,2023-12-24
98,88,mortgage,10367.65,0.0529,16,defaulted,2022-06-28
98,89,personal,15024.49,0.1423,51,paid,2022-03-06
99,90,auto,8099.64,0.1362,165,active,2023-12-31
101,91,student,3540.5,0.0843,303,paid,2022-06-16
101,92,auto,6318.72,0.1407,357,defaulted,2021-02-20
102,93,personal,4327.64,0.1391,190,active,2024-03-12
104,94,mortgage,7368.78,0.1284,60,defaulted,2023-10-19
106,95,student,11611.95,0.1171,273,active,2020-06-03
107,96,mortgage,14624.78,0.1387,243,active,2023-01-17
108,97,auto,8831.41,0.1493,78,active,2020-06-16
108,98,personal,7289.23,0.0658,201,active,2021-08-09
109,99,personal,9716.86,0.1339,159,defaulted,2022-04-06
109,100,personal,10360.87,0.1164,225,active,2023-03-05
110,101,student,8293.15,0.149,202,defaulted,2020-04-02
112,102,personal,12205.81,0.1485,320,paid,2024-10-21
115,103,mortgage,13513.34,0.14,309,defaulted,2020-11-13
117,104,mortgage,9267.06,0.1499,162,active,2021-08-20
117,105,auto,8887.22,0.1174,99,defaulted,2021-10-08
118,106,student,6847.33,0.0965,23,defaulted,2021-11-10
118,107,auto,7529.44,0.1383,245,paid,2022-02-20
120,108,student,10522.06,0.1308,308,paid,2023-10-01
120,109,personal,11473.76,0.1258,190,defaulted,2022-03-23
121,110,student,12986.48,0.1168,343,active,2023-06-22
122,111,mortgage,14017.37,0.1248,23,defaulted,2021-05-13
123,112,personal,11665.14,0.1182,154,defaulted,2021-02-15
123,113,auto,12791.55,0.0552,128,paid,2022-01-29
125,114,mortgage,11622.58,0.1451,202,active,2022-06-05
125,115,personal,13139.91,0.0887,23,defaulted,2020-08-10
126,116,student,10113.59,0.0683,232,paid,2020-06-11
126,117,student,7458.47,0.068,37,defaulted,2023-11-30
127,118,mortgage,7633.99,0.0605,261,defaulted,2022-12-20
127,119,mortgage,9764.28,0.0504,145,defaulted,2021-01-19
128,120,student,7151.68,0.0548,291,active,2022-03-05
128,121,auto,10939.89,0.0559,193,active,2022-07-21
129,122,personal,14373.73,0.1048,236,defaulted,2024-12-07
129,123,student,10141.17,0.1226,126,defaulted,2020-09-30
130,124,auto,16394.42,0.0973,56,defaulted,2025-03-08
131,125,auto,7727.81,0.1124,153,paid,2021-12-26
132,126,student,20492.23,0.1297,210,defaulted,2024-10-15
132,127,student,10448.07,0.115,208,defaulted,2022-01-07
133,128,student,4693.16,0.1079,145,paid,2021-03-16
134,129,auto,1113.14,0.0699,255,active,2024-10-26
134,130,student,13558.43,0.1476,303,active,2022-03-19
136,131,mortgage,6230.23,0.0688,342,defaulted,2022-08-23
136,132,personal,14851.44,0.0581,101,paid,2023-10-18
138,133,student,4315.32,0.0682,253,defaulted,2022-09-30
138,134,personal,1000.0,0.104,127,paid,2021-03-01
141,135,personal,6576.75,0.1209,293,active,2024-03-20
141,136,auto,12853.48,0.1304,137,active,2021-12-03
142,137,auto,12236.64,0.1375,190,defaulted,2024-11-15
142,138,auto,1000.0,0.0706,205,defaulted,2021-07-29
146,139,student,15864.29,0.1354,356,defaulted,2021-02-22
147,140,student,7587.58,0.0505,296,defaulted,2024-07-11
147,141,mortgage,9503.17,0.0862,240,paid,2023-08-28
149,142,auto,8333.9,0.057,73,active,2024-07-23
150,143,student,9554.63,0.1059,336,paid,2022-11-05
150,144,auto,6191.39,0.0528,129,paid,2020-06-12
153,145,personal,6207.52,0.0652,98,paid,2020-09-10
153,146,personal,18512.73,0.1163,359,paid,2024-05-11
154,147,mortgage,9698.57,0.142,81,active,2021-02-25
154,148,mortgage,1120.62,0.0849,295,defaulted,2022-10-05
155,149,mortgage,11253.02,0.0532,30,active,2025-02-15
155,150,auto,11327.78,0.0708,233,defaulted,2023-08-27
157,151,auto,16979.63,0.1049,317,paid,2021-01-22
158,152,mortgage,10898.54,0.0798,174,defaulted,2020-10-13
159,153,student,14347.27,0.0706,31,paid,2022-10-18
160,154,auto,7866.2,0.0695,166,paid,2024-10-09
160,155,student,9270.28,0.1451,342,defaulted,2020-09-26
161,156,mortgage,12413.52,0.1166,211,active,2020-09-24
161,157,auto,25125.99,0.0779,114,defaulted,2024-10-28
162,158,auto,11169.62,0.0692,122,active,2020-09-30
163,159,mortgage,12382.01,0.0895,81,paid,2021-10-05
163,160,auto,11930.32,0.1284,124,active,2020-09-04
164,161,mortgage,10561.75,0.0938,98,defaulted,2021-02-14
165,162,student,14257.24,0.142,248,defaulted,2020-09-19
165,163,mortgage,7073.32,0.0862,81,paid,2022-09-06
168,164,mortgage,8355.97,0.1309,302,active,2022-11-24
170,165,personal,1000.0,0.0932,355,paid,2020-12-29
170,166,auto,10422.07,0.0688,93,active,2024-12-10
171,167,student,6056.71,0.0812,333,active,2024-11-01
172,168,auto,14805.73,0.1387,283,paid,2021-06-14
172,169,student,7078.79,0.083,97,defaulted,2020-07-03
174,170,auto,1000.0,0.1131,173,paid,2023-10-10
177,171,auto,21065.3,0.0523,206,paid,2022-06-14
178,172,mortgage,5026.55,0.0725,24,paid,2024-06-18
179,173,personal,7709.93,0.0604,290,active,2024-02-09
180,174,student,9737.52,0.1214,283,active,2021-08-17
180,175,student,1000.0,0.0721,65,defaulted,2022-05-26
181,176,personal,5526.75,0.12,266,paid,2023-06-09
181,177,mortgage,16795.07,0.0704,227,defaulted,2021-03-20
182,178,auto,16111.27,0.0556,344,defaulted,2020-06-22
184,179,personal,1000.0,0.0713,23,defaulted,2023-12-01
185,180,mortgage,11280.12,0.1338,119,paid,2021-07-22
185,181,auto,4553.82,0.0628,240,defaulted,2020-12-08
186,182,mortgage,12781.7,0.1062,167,paid,2022-10-01
186,183,personal,7779.98,0.1173,164,paid,2020-09-06
187,184,mortgage,13228.73,0.1314,49,defaulted,2020-07-25
187,185,auto,15079.84,0.0788,349,active,2022-01-31
188,186,auto,7991.98,0.0966,310,active,2022-01-03
189,187,mortgage,16441.28,0.1419,203,defaulted,2022-11-17
189,188,mortgage,11737.28,0.1395,254,paid,2021-01-08
190,189,student,6176.84,0.0805,207,defaulted,2021-12-20
190,190,mortgage,3524.78,0.1025,54,defaulted,2021-01-03
192,191,auto,5332.8,0.1123,190,active,2020-04-16
193,192,mortgage,12429.5,0.0638,50,active,2021-04-01
194,193,student,19451.68,0.1124,127,active,2020-06-20
194,194,mortgage,1267.19,0.0603,31,active,2020-10-08
195,195,mortgage,1077.81,0.1322,152,paid,2022-07-20
195,196,student,1000.0,0.0684,174,active,2020-10-29
196,197,personal,10144.4,0.1495,92,active,2024-12-14
197,198,mortgage,5532.29,0.1133,318,paid,2021-01-29
201,199,student,16609.95,0.1061,228,active,2022-01-11
201,200,personal,11075.4,0.0568,291,paid,2022-09-21
202,201,personal,16216.14,0.1424,151,active,2020-09-10
203,202,student,13494.0,0.0629,102,paid,2024-11-17
204,203,auto,13999.87,0.1347,273,defaulted,2021-09-07
206,204,student,16988.52,0.099,233,paid,2021-06-06
207,205,auto,6622.32,0.1097,108,paid,2025-01-13
207,206,personal,11646.46,0.1175,274,defaulted,2023-04-10
208,207,mortgage,9278.16,0.1033,151,paid,2023-11-26
208,208,student,5496.15,0.0584,306,active,2020-08-11
212,209,student,10003.93,0.136,137,paid,2022-09-30
212,210,student,1083.33,0.1343,26,paid,2023-02-27
213,211,personal,12197.41,0.0924,85,active,2022-02-04
214,212,mortgage,5466.98,0.0721,351,paid,2020-04-30
214,213,mortgage,15385.64,0.0914,163,defaulted,2021-06-24
216,214,personal,7697.01,0.0809,35,defaulted,2024-03-09
217,215,personal,22075.08,0.1098,296,defaulted,2021-12-19
217,216,student,9926.65,0.1424,342,active,2020-04-22
218,217,student,5178.42,0.1115,49,paid,2022-11-03
223,218,auto,8895.41,0.1379,189,defaulted,2024-04-25
223,219,personal,15006.03,0.085,248,defaulted,2025-03-02
224,220,personal,8299.91,0.142,46,paid,2023-10-23
224,221,personal,15731.43,0.111,144,paid,2021-03-11
225,222,student,8881.67,0.1247,223,defaulted,2023-01-14
226,223,mortgage,14496.74,0.0518,29,defaulted,2020-07-05
226,224,student,11944.33,0.1364,161,defaulted,2022-06-17
227,225,mortgage,5400.21,0.0911,321,defaulted,2020-04-10
227,226,mortgage,16972.63,0.1365,22,paid,2021-06-30
228,227,student,11365.73,0.0761,318,active,2021-09-22
228,228,student,17125.66,0.1106,335,paid,2021-03-01
229,229,student,6530.13,0.0808,136,paid,2023-04-17
229,230,mortgage,1000.0,0.1218,161,paid,2023-02-27
230,231,auto,14784.37,0.0537,127,active,2023-12-18
231,232,mortgage,1177.34,0.0845,327,paid,2021-11-02
231,233,student,15285.92,0.0508,174,defaulted,2022-02-06
232,234,student,5369.63,0.0638,143,defaulted,2021-03-19
232,235,auto,10180.85,0.1346,290,paid,2023-11-01
239,236,student,12125.56,0.0749,158,paid,2024-01-20
243,237,mortgage,9199.59,0.1004,311,paid,2021-02-22
244,238,student,2085.66,0.0878,133,paid,2021-03-28
244,239,personal,7988.36,0.1311,201,active,2023-06-14
245,240,student,9631.4,0.0667,105,active,2024-01-30
245,241,student,7154.57,0.0794,101,defaulted,2021-11-15
246,242,student,12377.56,0.1027,342,active,2023-10-24
246,243,auto,16524.75,0.1461,128,active,2021-10-12
247,244,personal,16712.81,0.1124,249,active,2023-12-24
247,245,auto,2146.73,0.0647,203,paid,2024-01-17
248,246,student,10513.99,0.0933,93,defaulted,2024-12-08
249,247,mortgage,13057.92,0.0943,108,paid,2021-03-14
250,248,student,4596.34,0.1179,323,active,2020-07-01
251,249,auto,4150.82,0.082,206,paid,2024-08-30
251,250,student,3515.91,0.1114,354,active,2022-09-20
256,251,personal,16629.92,0.0734,31,active,2024-09-26
256,252,auto,11359.44,0.0892,222,active,2025-03-15
258,253,student,11868.83,0.117,296,paid,2024-03-04
258,254,personal,10796.78,0.0655,334,defaulted,2020-03-25
259,255,student,14718.53,0.1226,323,paid,2024-11-26
260,256,student,4061.09,0.1114,236,defaulted,2023-08-05
261,257,auto,8708.47,0.0745,237,paid,2024-12-21
262,258,mortgage,13269.21,0.145,160,defaulted,2023-04-03
263,259,personal,14725.76,0.1225,191,paid,2024-07-10
263,260,personal,6022.72,0.0725,193,paid,2022-08-09
264,261,mortgage,6341.53,0.073,261,active,2022-05-17
264,262,personal,7364.35,0.0645,114,defaulted,2023-07-04
265,263,mortgage,12101.54,0.0523,308,active,2021-02-21
265,264,mortgage,22444.5,0.1429,178,defaulted,2021-05-08
266,265,student,9257.21,0.1425,104,active,2023-07-24
269,266,personal,9300.24,0.1061,88,active,2023-12-12
272,267,auto,16907.42,0.1078,325,active,2021-06-14
273,268,auto,15602.94,0.0503,272,defaulted,2023-07-13
275,269,auto,11940.58,0.0572,273,paid,2023-04-23
278,270,mortgage,11569.24,0.1284,106,defaulted,2020-07-09
278,271,auto,10860.82,0.147,213,active,2023-06-11
280,272,student,4430.49,0.1167,282,paid,2022-02-19
281,273,mortgage,13171.18,0.0977,350,paid,2020-10-19
282,274,personal,9641.53,0.1418,224,active,2022-03-09
283,275,student,14066.78,0.0967,244,defaulted,2024-09-25
283,276,mortgage,21571.23,0.1043,35,active,2022-08-28
284,277,personal,17730.65,0.1483,36,paid,2020-07-20
284,278,student,16104.95,0.0702,221,active,2023-10-09
285,279,mortgage,7034.7,0.0546,199,active,2024-12-27
290,280,auto,9854.24,0.085,281,paid,2021-01-03
290,281,auto,15559.71,0.1395,351,active,2024-03-13
292,282,auto,1000.0,0.0627,258,active,2020-10-06
293,283,mortgage,6130.89,0.1246,100,defaulted,2021-08-22
294,284,student,11649.14,0.0653,42,defaulted,2020-08-20
294,285,student,4641.26,0.0756,303,active,2020-12-05
295,286,student,5989.88,0.1286,175,active,2020-09-11
295,287,auto,11451.92,0.051,165,active,2023-09-25
296,288,auto,2344.5,0.1404,207,paid,2020-04-08
296,289,personal,10844.3,0.07,254,paid,2024-04-20
298,290,auto,10231.24,0.1375,348,active,2020-11-30
299,291,mortgage,1372.51,0.107,245,paid,2022-08-14
299,292,mortgage,9044.41,0.058,271,defaulted,2024-01-06
300,293,personal,11647.04,0.1418,86,paid,2022-12-25
300,294,student,16320.02,0.0513,217,defaulted,2021-03-02
301,295,mortgage,17472.16,0.0622,201,defaulted,2023-12-15
301,296,personal,15721.31,0.109,95,active,2021-11-18
302,297,student,13969.48,0.1264,34,active,2020-11-18
303,298,personal,14110.46,0.0651,329,paid,2024-05-23
304,299,student,1301.26,0.1029,25,active,2022-12-27
304,300,personal,6018.41,0.0926,345,defaulted,2024-08-01
306,301,student,3934.66,0.1036,297,paid,2020-11-18
306,302,personal,1000.0,0.0826,173,active,2020-08-30
307,303,student,12304.03,0.1024,336,paid,2020-09-30
307,304,auto,9760.43,0.0842,336,active,2024-04-23
309,305,auto,9779.28,0.052,294,active,2024-03-10
310,306,mortgage,10788.59,0.1492,304,paid,2021-10-05
311,307,personal,1752.08,0.0814,225,defaulted,2023-12-19
311,308,auto,8699.92,0.069,142,paid,2023-03-22
312,309,personal,2074.71,0.1329,233,defaulted,2020-10-20
312,310,auto,10965.63,0.0795,106,paid,2023-02-04
316,311,personal,6388.2,0.1335,130,defaulted,2021-10-13
316,312,personal,8506.84,0.1091,80,paid,2024-08-27
317,313,personal,3807.44,0.1293,132,paid,2023-05-07
318,314,mortgage,17457.28,0.0508,73,active,2021-12-25
318,315,personal,7250.97,0.1319,132,active,2021-03-08
319,316,mortgage,8047.37,0.1077,359,defaulted,2022-05-13
322,317,personal,8000.52,0.0505,194,defaulted,2020-09-03
323,318,personal,8033.01,0.1178,100,defaulted,2021-04-26
324,319,auto,8756.62,0.1499,286,defaulted,2021-03-04
324,320,auto,10764.46,0.0819,313,paid,2024-02-05
325,321,student,15779.54,0.1499,300,active,2020-10-25
325,322,auto,12424.71,0.1014,86,defaulted,2022-05-10
327,323,student,8799.38,0.1082,141,paid,2021-04-16
328,324,personal,14543.24,0.1118,162,active,2024-01-31
329,325,mortgage,17601.52,0.0755,336,paid,2020-12-25
329,326,personal,11567.55,0.0924,243,active,2025-02-26
331,327,student,13011.04,0.1086,307,active,2022-02-02
331,328,personal,13822.13,0.0735,164,defaulted,2024-07-18
333,329,auto,15027.53,0.0905,108,paid,2022-10-01
337,330,personal,3796.77,0.0615,59,defaulted,2022-06-06
338,331,auto,3303.23,0.0586,68,paid,2025-01-10
339,332,auto,18061.43,0.0506,178,active,2020-04-19
340,333,personal,7997.43,0.0575,53,defaulted,2024-05-27
341,334,mortgage,10252.86,0.0979,161,paid,2023-01-04
342,335,auto,10367.15,0.0932,60,active,2023-01-03
343,336,mortgage,15738.18,0.0814,232,paid,2023-05-27
343,337,auto,21275.53,0.0596,112,active,2024-03-13
344,338,mortgage,13005.56,0.0536,188,paid,2023-09-08
345,339,student,8059.57,0.1169,244,paid,2020-05-03
345,340,auto,5796.79,0.1087,88,active,2020-11-08
346,341,student,14275.23,0.0601,103,defaulted,2022-05-27
346,342,auto,10208.08,0.1425,156,active,2023-06-04
347,343,student,15984.03,0.0891,51,active,2023-07-17
347,344,student,5026.94,0.0629,325,active,2022-05-12
348,345,student,1000.0,0.0921,47,defaulted,2022-09-06
348,346,mortgage,9362.59,0.0893,224,defaulted,2023-06-19
349,347,mortgage,8834.96,0.147,222,defaulted,2021-10-25
350,348,personal,8733.16,0.0988,176,paid,2022-02-11
351,349,personal,5664.37,0.1227,81,paid,2023-07-31
352,350,personal,13023.46,0.0859,242,paid,2024-09-06
353,351,auto,6723.72,0.0833,185,paid,2022-03-07
353,352,auto,16960.68,0.0867,157,defaulted,2021-10-06
357,353,mortgage,14434.98,0.0713,25,defaulted,2023-11-19
358,354,personal,11961.79,0.1025,55,defaulted,2024-10-03
359,355,student,1352.59,0.1485,32,defaulted,2025-01-27
360,356,auto,7767.22,0.1097,338,defaulted,2021-12-26
364,357,auto,3819.93,0.1414,73,active,2021-06-29
364,358,student,5958.24,0.1392,162,active,2023-05-03
366,359,auto,1000.0,0.0689,289,defaulted,2021-06-04
366,360,auto,5857.8,0.0541,143,defaulted,2023-12-05
367,361,personal,13969.16,0.0721,134,defaulted,2020-06-02
369,362,student,7499.44,0.1184,115,defaulted,2024-04-15
371,363,student,6076.31,0.0791,79,paid,2023-11-27
371,364,student,12278.16,0.0554,76,active,2023-05-14
372,365,mortgage,17817.27,0.1232,171,defaulted,2022-08-22
373,366,personal,7495.26,0.1493,276,paid,2023-10-01
374,367,auto,13029.77,0.1244,326,defaulted,2023-01-14
374,368,auto,4842.76,0.0811,263,defaulted,2023-09-26
375,369,auto,11396.22,0.1378,199,defaulted,2021-12-25
377,370,auto,4427.37,0.1279,256,active,2022-09-05
378,371,student,1000.0,0.1211,292,defaulted,2020-10-29
378,372,student,12537.06,0.1016,299,defaulted,2024-07-10
379,373,student,15876.09,0.1494,233,active,2022-07-11
379,374,personal,12179.44,0.0519,274,active,2021-03-23
381,375,mortgage,9287.48,0.1099,171,paid,2025-02-20
381,376,personal,8296.47,0.0714,281,paid,2021-12-21
382,377,personal,11891.15,0.101,337,active,2023-03-13
382,378,auto,6517.16,0.0581,21,active,2024-06-26
384,379,student,6145.95,0.1131,12,defaulted,2023-07-27
385,380,auto,5756.38,0.091,166,active,2020-08-21
386,381,student,2128.74,0.0723,215,paid,2023-03-19
387,382,auto,3550.08,0.0961,242,paid,2021-10-02
388,383,auto,10101.99,0.0815,87,paid,2021-03-23
388,384,personal,18541.17,0.086,52,paid,2023-06-29
389,385,mortgage,10422.23,0.1037,60,paid,2020-05-03
390,386,personal,15374.85,0.0885,221,defaulted,2021-03-13
390,387,student,16020.56,0.0937,30,active,2024-12-25
391,388,student,8000.39,0.1035,156,paid,2022-01-02
394,389,student,16211.77,0.1467,343,active,2024-07-08
395,390,auto,14604.21,0.0536,288,defaulted,2024-04-11
398,391,personal,18249.18,0.1468,262,active,2021-05-19
399,392,personal,9406.42,0.0755,282,active,2024-11-20
399,393,student,15415.05,0.0684,192,defaulted,2024-06-25
402,394,student,7277.85,0.1483,164,paid,2024-08-31
402,395,student,2375.04,0.0912,20,defaulted,2023-01-10
408,396,personal,9515.12,0.0692,299,defaulted,2020-05-25
410,397,auto,7639.2,0.1215,143,active,2025-03-22
410,398,personal,1000.0,0.0985,225,paid,2024-05-08
411,399,auto,10423.0,0.0989,124,active,2024-03-03
411,400,mortgage,7822.72,0.0509,288,defaulted,2024-06-27
413,401,auto,5189.89,0.1485,224,defaulted,2022-07-15
414,402,auto,4218.37,0.057,80,paid,2023-12-05
414,403,auto,10166.39,0.1295,235,paid,2020-12-18
415,404,personal,11802.92,0.0808,280,defaulted,2022-04-13
417,405,auto,6255.78,0.1154,119,active,2022-11-20
417,406,auto,12631.53,0.1437,278,paid,2024-10-02
418,407,mortgage,14358.83,0.1137,49,defaulted,2020-12-24
418,408,personal,6455.25,0.1062,45,defaulted,2020-08-14
419,409,mortgage,4760.89,0.1036,302,defaulted,2024-05-26
420,410,mortgage,14601.98,0.125,336,defaulted,2022-04-02
421,411,auto,12898.86,0.1141,123,active,2023-12-12
421,412,mortgage,14183.35,0.0845,179,defaulted,2021-04-05
422,413,auto,2286.03,0.0963,352,active,2023-04-15
423,414,mortgage,13408.62,0.1243,68,defaulted,2022-03-16
423,415,student,9174.39,0.1024,190,defaulted,2022-08-14
424,416,auto,2581.31,0.0828,37,paid,2023-01-09
424,417,mortgage,11584.89,0.0687,74,defaulted,2020-11-30
425,418,student,13904.14,0.1335,292,paid,2021-08-03
426,419,personal,11116.09,0.1398,130,paid,2022-10-26
427,420,mortgage,8700.6,0.0816,284,defaulted,2022-08-14
429,421,student,6016.92,0.1061,148,paid,2024-07-08
431,422,auto,5698.2,0.1275,103,active,2020-10-09
432,423,student,15733.88,0.1278,22,paid,2020-05-14
432,424,student,20685.3,0.0565,35,paid,2022-01-11
433,425,mortgage,10147.7,0.1023,316,active,2024-06-21
433,426,auto,7041.22,0.1266,102,paid,2022-07-03
434,427,personal,8977.27,0.0868,315,defaulted,2021-01-13
435,428,personal,15493.36,0.1326,97,defaulted,2022-05-03
435,429,personal,8731.13,0.1254,91,defaulted,2020-10-02
437,430,personal,10822.37,0.1237,38,paid,2023-03-16
437,431,auto,8160.39,0.0896,88,paid,2023-01-10
438,432,auto,5724.67,0.1313,298,paid,2020-05-09
439,433,auto,9446.25,0.1251,149,paid,2022-11-12
439,434,student,12324.44,0.1422,336,paid,2023-11-20
440,435,auto,1000.0,0.1498,191,paid,2024-11-10
442,436,mortgage,3152.46,0.0926,116,active,2022-10-17
443,437,auto,8956.42,0.107,348,paid,2024-08-20
448,438,personal,3054.95,0.1166,140,active,2021-03-14
448,439,auto,9143.85,0.0961,203,defaulted,2023-11-02
450,440,auto,11561.1,0.0858,288,defaulted,2020-04-03
450,441,personal,11318.61,0.1076,80,active,2023-10-08
451,442,auto,11758.1,0.0551,325,defaulted,2023-06-13
452,443,personal,10648.31,0.125,16,defaulted,2023-11-24
452,444,personal,12389.81,0.086,61,active,2025-01-07
454,445,student,1000.0,0.1218,136,defaulted,2024-06-10
455,446,personal,8652.93,0.0673,47,active,2023-07-05
455,447,auto,7420.1,0.0552,233,active,2021-02-21
456,448,mortgage,18592.85,0.107,85,defaulted,2024-05-21
457,449,auto,7475.75,0.0983,156,active,2023-04-21
457,450,personal,8674.56,0.0744,254,active,2021-05-28
459,451,personal,10802.2,0.0852,119,active,2022-04-12
459,452,mortgage,7821.35,0.085,288,paid,2023-03-17
460,453,mortgage,11589.97,0.1201,357,active,2021-12-16
462,454,student,6801.14,0.1177,322,defaulted,2021-02-08
463,455,student,15998.72,0.0745,13,defaulted,2024-08-27
465,456,student,3570.38,0.0769,182,active,2021-07-16
466,457,personal,12237.71,0.1007,156,defaulted,2022-10-25
467,458,personal,22169.78,0.0766,260,defaulted,2024-02-17
467,459,student,8299.24,0.0809,76,defaulted,2024-05-06
468,460,mortgage,7410.47,0.0812,57,paid,2023-04-24
469,461,auto,20586.81,0.0989,13,paid,2022-03-22
469,462,personal,3537.99,0.1015,257,paid,2020-11-07
470,463,personal,8935.97,0.077,299,active,2020-06-26
471,464,auto,5335.46,0.0717,272,paid,2022-11-13
471,465,student,8317.36,0.0518,34,active,2022-07-15
474,466,mortgage,6493.89,0.0805,22,active,2024-10-08
474,467,auto,13381.32,0.1302,179,active,2021-04-03
475,468,auto,11567.83,0.1454,57,paid,2024-12-08
475,469,auto,10601.47,0.1371,93,active,2021-09-18
476,470,auto,15976.14,0.0715,285,active,2022-06-24
477,471,mortgage,7853.79,0.0853,23,defaulted,2021-03-06
477,472,auto,8600.62,0.1453,335,active,2024-10-06
480,473,student,6732.13,0.1458,240,defaulted,2022-06-10
481,474,mortgage,9424.11,0.1296,90,defaulted,2021-03-07
482,475,auto,7063.01,0.1074,126,paid,2025-03-07
482,476,student,9048.42,0.1481,260,defaulted,2022-10-05
483,477,auto,16331.55,0.1388,135,paid,2020-09-12
483,478,student,3972.36,0.1122,349,active,2024-02-06
484,479,student,10013.9,0.1232,54,active,2023-01-26
485,480,auto,7503.65,0.1141,163,paid,2023-08-20
485,481,auto,13842.93,0.1228,191,defaulted,2021-04-08
486,482,personal,6298.66,0.1044,67,defaulted,2020-10-19
486,483,mortgage,16376.83,0.1417,336,paid,2021-09-01
487,484,student,5427.56,0.1471,239,paid,2021-10-11
487,485,auto,7764.58,0.1438,303,active,2021-05-13
488,486,student,12924.75,0.1014,64,paid,2021-05-01
488,487,personal,5920.92,0.0756,126,defaulted,2022-11-02
489,488,student,5548.91,0.1181,290,defaulted,2023-02-14
490,489,mortgage,16179.83,0.1312,328,paid,2024-06-20
490,490,auto,10702.83,0.1224,255,active,2021-04-25
491,491,personal,14710.86,0.1147,203,defaulted,2024-08-04
495,492,personal,6613.35,0.1229,283,active,2021-09-12
498,493,personal,17377.54,0.0541,196,paid,2022-05-29
500,494,mortgage,4782.26,0.11,218,active,2023-05-24
501,495,mortgage,13926.55,0.0627,63,paid,2021-03-04
503,496,personal,9667.7,0.1387,263,active,2024-09-20
504,497,student,7167.65,0.0735,43,active,2023-11-05
506,498,auto,20291.97,0.1014,39,defaulted,2022-06-10
506,499,student,8427.96,0.1485,237,active,2021-05-19
508,500,personal,6842.43,0.1335,212,defaulted,2020-05-14
508,501,student,17960.84,0.1255,108,paid,2025-02-14
510,502,student,7818.69,0.0892,145,defaulted,2022-10-19
510,503,personal,6147.52,0.0649,134,paid,2024-08-01
511,504,mortgage,5428.16,0.1395,30,active,2023-05-21
512,505,auto,8603.59,0.1086,17,paid,2020-05-01
513,506,student,16720.35,0.0575,91,active,2022-08-31
513,507,mortgage,11470.52,0.143,29,defaulted,2022-07-27
514,508,mortgage,9139.49,0.1311,95,active,2020-11-27
517,509,mortgage,5698.73,0.051,68,paid,2022-11-01
518,510,auto,9157.84,0.1271,353,defaulted,2023-04-03
518,511,auto,14570.53,0.0677,202,active,2022-03-07
519,512,personal,16867.29,0.1182,216,defaulted,2021-07-02
519,513,mortgage,15474.52,0.118,147,active,2020-10-10
521,514,student,17256.87,0.0878,94,defaulted,2020-07-11
523,515,auto,6153.95,0.0707,177,paid,2024-10-19
523,516,mortgage,10102.52,0.1012,219,active,2023-09-05
524,517,mortgage,10139.86,0.061,355,defaulted,2024-01-12
524,518,mortgage,8011.03,0.079,172,defaulted,2021-12-26
525,519,auto,12407.69,0.1393,232,active,2020-09-23
526,520,mortgage,11462.91,0.1342,78,defaulted,2021-11-30
526,521,student,6788.19,0.1131,197,defaulted,2021-05-15
530,522,student,5833.29,0.0546,38,active,2021-06-06
530,523,student,16667.51,0.0558,188,active,2024-06-05
534,524,student,14045.85,0.1358,182,active,2023-12-05
535,525,personal,3110.84,0.0993,322,defaulted,2022-10-16
536,526,student,17826.63,0.1387,42,active,2023-12-20
538,527,mortgage,9962.44,0.0945,329,defaulted,2021-06-18
539,528,personal,3537.25,0.0808,332,paid,2022-08-27
542,529,personal,15337.73,0.1337,308,active,2021-06-14
542,530,mortgage,12376.68,0.1387,354,active,2024-07-04
543,531,mortgage,14756.08,0.0927,174,defaulted,2021-08-01
544,532,auto,7586.92,0.1328,292,defaulted,2023-08-28
545,533,mortgage,17890.11,0.1062,240,active,2024-01-18
546,534,student,14055.03,0.1204,356,paid,2023-06-17
546,535,auto,9918.75,0.0758,23,defaulted,2020-10-04
550,536,mortgage,10440.81,0.1043,95,defaulted,2022-10-07
550,537,student,3735.14,0.0711,328,paid,2020-08-17
551,538,mortgage,10671.43,0.0976,117,active,2024-06-25
551,539,mortgage,17887.2,0.1475,167,paid,2022-04-09
552,540,student,4637.5,0.1333,321,active,2020-10-25
552,541,mortgage,14581.3,0.0625,227,active,2020-07-21
553,542,student,14603.19,0.1396,228,defaulted,2021-12-31
553,543,student,13614.88,0.0599,163,active,2023-12-28
554,544,personal,16855.5,0.1141,202,paid,2022-02-04
554,545,auto,4677.2,0.0889,170,active,2020-08-08
556,546,mortgage,11181.35,0.0793,42,defaulted,2021-04-18
557,547,auto,2558.49,0.1154,257,defaulted,2021-03-10
557,548,mortgage,5177.27,0.1112,61,paid,2025-03-04
560,549,auto,9538.25,0.0559,26,paid,2020-11-25
560,550,student,5713.07,0.0892,297,defaulted,2021-12-09
562,551,mortgage,20275.51,0.1167,144,paid,2022-04-15
564,552,auto,2407.6,0.1107,322,defaulted,2021-01-15
565,553,personal,1000.0,0.1148,222,paid,2023-02-18
566,554,personal,4525.82,0.0894,123,defaulted,2023-01-21
567,555,auto,4525.07,0.1446,272,paid,2022-09-10
568,556,mortgage,17744.99,0.0641,109,defaulted,2024-10-15
568,557,student,18770.29,0.0847,328,active,2023-05-02
570,558,auto,8193.44,0.0605,286,active,2024-04-02
571,559,auto,13520.79,0.0767,143,paid,2021-02-03
572,560,personal,9607.99,0.112,305,defaulted,2022-10-28
572,561,mortgage,5223.87,0.0803,189,active,2022-02-25
573,562,student,1000.0,0.1298,357,defaulted,2021-11-15
575,563,mortgage,14292.05,0.0518,242,paid,2022-04-03
576,564,student,7028.69,0.0563,172,paid,2020-04-11
577,565,personal,7333.18,0.1146,260,defaulted,2022-08-29
578,566,mortgage,13563.41,0.1011,128,active,2020-09-13
578,567,student,8378.5,0.1323,296,defaulted,2022-06-02
579,568,student,10560.71,0.1367,57,active,2020-09-11
579,569,mortgage,18914.38,0.0682,93,paid,2021-12-09
580,570,auto,11565.75,0.0703,358,active,2022-09-22
581,571,student,7516.77,0.0838,39,paid,2023-01-23
581,572,mortgage,10034.28,0.0934,271,defaulted,2024-08-07
582,573,student,13822.67,0.0963,16,active,2023-04-26
582,574,personal,2392.13,0.1366,201,defaulted,2023-03-21
583,575,auto,9725.2,0.0863,136,defaulted,2024-01-11
584,576,auto,12705.58,0.1067,148,paid,2025-01-14
586,577,student,2322.99,0.0557,297,paid,2020-09-16
586,578,mortgage,14728.85,0.0809,317,active,2021-09-14
588,579,auto,9539.67,0.0562,119,defaulted,2021-11-23
588,580,personal,10684.55,0.1447,316,active,2021-07-08
592,581,mortgage,4585.84,0.1193,241,active,2024-05-30
592,582,student,4754.88,0.1455,174,defaulted,2022-12-07
593,583,auto,9064.74,0.0641,207,defaulted,2023-07-20
594,584,auto,4010.88,0.1108,350,active,2024-06-04
595,585,student,5687.39,0.0956,94,active,2022-01-16
596,586,mortgage,10059.36,0.1103,214,paid,2023-09-17
596,587,personal,1000.0,0.0545,351,defaulted,2020-09-24
599,588,student,9141.65,0.0686,327,active,2021-03-15
599,589,personal,7682.37,0.1118,137,defaulted,2025-03-10
600,590,student,4167.0,0.073,250,paid,2020-10-04
602,591,personal,10270.78,0.1481,60,defaulted,2021-10-24
602,592,mortgage,7456.84,0.1129,124,active,2023-05-08
604,593,student,5695.62,0.1002,201,active,2022-11-14
606,594,personal,12546.18,0.116,59,active,2021-08-31
607,595,student,1000.0,0.0799,334,active,2024-11-24
607,596,student,2099.24,0.0747,81,active,2023-05-05
608,597,mortgage,16422.82,0.102,244,active,2025-01-03
609,598,personal,7092.39,0.077,33,defaulted,2023-11-17
609,599,mortgage,15091.12,0.1091,291,defaulted,2024-06-23
611,600,auto,10048.43,0.1428,151,paid,2022-06-21
612,601,personal,4572.68,0.1219,78,defaulted,2025-02-18
613,602,personal,10878.62,0.11,190,defaulted,2021-12-07
613,603,mortgage,9847.54,0.1354,91,defaulted,2025-01-14
614,604,student,11953.24,0.1331,64,defaulted,2024-11-27
614,605,student,13477.12,0.08,80,paid,2024-04-14
615,606,mortgage,5993.02,0.1229,189,paid,2024-08-19
615,607,mortgage,17841.28,0.0589,28,defaulted,2022-06-26
619,608,mortgage,12336.04,0.0645,358,active,2020-04-14
619,609,personal,10117.44,0.1432,124,defaulted,2023-07-07
623,610,student,20193.75,0.1129,297,defaulted,2020-05-07
623,611,mortgage,1000.0,0.0514,328,paid,2021-05-13
624,612,auto,2610.91,0.0967,222,active,2022-03-03
625,613,personal,13079.43,0.0575,51,paid,2020-08-10
625,614,auto,1000.0,0.1436,127,defaulted,2023-12-10
626,615,mortgage,12061.48,0.0738,77,defaulted,2021-09-26
627,616,auto,9631.34,0.1303,350,paid,2022-12-01
628,617,personal,4217.79,0.1051,231,paid,2020-08-26
628,618,student,12145.14,0.1136,190,paid,2020-11-17
629,619,mortgage,7620.04,0.1167,252,active,2022-10-18
629,620,personal,11344.89,0.0859,316,defaulted,2020-11-18
630,621,auto,8702.78,0.1011,19,defaulted,2022-07-21
630,622,personal,13939.74,0.0659,86,active,2024-02-03
631,623,auto,6105.81,0.138,179,paid,2022-04-28
633,624,auto,8391.33,0.0745,37,active,2023-09-09
633,625,personal,11353.44,0.1264,61,paid,2020-04-08
634,626,auto,2882.53,0.144,187,paid,2023-05-15
635,627,auto,4401.62,0.0982,210,paid,2020-05-17
635,628,mortgage,4012.89,0.0982,42,defaulted,2023-12-24
636,629,auto,11043.05,0.1268,265,paid,2020-07-31
636,630,mortgage,1903.92,0.0995,25,defaulted,2023-04-04
637,631,mortgage,12654.66,0.0757,67,active,2020-08-22
638,632,mortgage,17549.39,0.1423,230,active,2020-12-06
638,633,mortgage,1000.0,0.0619,320,paid,2021-06-20
639,634,mortgage,3457.22,0.053,127,defaulted,2022-07-14
639,635,student,12813.95,0.0635,82,active,2021-02-23
640,636,mortgage,1000.0,0.1152,91,active,2020-06-01
640,637,personal,9566.63,0.0828,233,paid,2021-12-17
641,638,personal,4709.15,0.1283,109,active,2024-06-18
645,639,personal,13497.83,0.1255,230,paid,2023-02-08
646,640,mortgage,14731.64,0.0799,97,active,2023-02-01
646,641,mortgage,3350.9,0.0587,234,active,2025-03-18
647,642,personal,9908.48,0.1489,27,defaulted,2021-10-21
648,643,student,10709.15,0.0913,295,paid,2023-09-15
648,644,auto,8467.29,0.1231,303,defaulted,2024-04-30
649,645,student,12658.27,0.0633,164,active,2020-08-08
650,646,mortgage,4558.75,0.0837,67,paid,2022-03-29
650,647,auto,10062.89,0.055,211,active,2025-03-17
652,648,mortgage,12676.32,0.0613,215,active,2023-06-07
652,649,mortgage,6595.35,0.1421,307,active,2024-05-11
653,650,mortgage,13624.7,0.0627,325,paid,2020-08-18
654,651,personal,2077.07,0.0963,76,paid,2020-08-16
654,652,mortgage,17155.93,0.1312,250,paid,2025-03-10
655,653,auto,5654.5,0.1336,38,active,2022-03-17
656,654,mortgage,9886.24,0.0818,258,active,2022-04-02
656,655,auto,11217.64,0.1466,72,defaulted,2023-12-02
660,656,personal,13703.33,0.1276,266,paid,2020-09-07
660,657,auto,11535.37,0.1075,88,defaulted,2022-01-20
661,658,personal,1000.0,0.0974,135,paid,2024-08-02
661,659,personal,2069.56,0.1251,73,active,2024-03-28
663,660,student,12367.99,0.1493,320,paid,2020-08-10
665,661,mortgage,11983.78,0.1118,114,active,2024-01-14
666,662,personal,11759.41,0.0934,159,active,2020-03-30
668,663,student,20541.94,0.1175,192,paid,2024-05-15
668,664,personal,10773.31,0.1113,213,defaulted,2021-05-17
669,665,student,7729.52,0.082,349,active,2024-11-11
669,666,auto,16527.47,0.1329,349,paid,2024-06-05
670,667,student,2178.94,0.1413,301,paid,2024-01-22
671,668,student,10570.28,0.1297,136,paid,2023-03-13
671,669,auto,9891.84,0.0679,211,defaulted,2022-09-10
672,670,mortgage,5097.72,0.1145,188,paid,2024-01-31
672,671,auto,16117.52,0.0594,136,active,2024-11-26
674,672,mortgage,8548.83,0.133,17,defaulted,2024-05-30
676,673,student,9380.67,0.0877,27,paid,2020-07-03
677,674,student,17588.51,0.1466,64,defaulted,2023-02-08
677,675,auto,3620.46,0.0676,218,active,2021-05-05
682,676,mortgage,8037.27,0.1117,47,defaulted,2022-02-15
682,677,personal,5240.97,0.1486,139,defaulted,2024-07-23
683,678,personal,5772.07,0.1333,156,active,2022-08-02
683,679,auto,14338.62,0.1451,331,paid,2020-05-11
685,680,student,7525.4,0.1172,23,paid,2023-09-28
685,681,auto,13928.97,0.0532,200,active,2020-12-09
687,682,personal,14973.4,0.0974,105,active,2021-02-05
687,683,student,10418.47,0.0659,287,paid,2022-05-14
689,684,student,6867.99,0.0717,332,active,2022-04-12
689,685,student,6499.23,0.0579,152,defaulted,2023-03-30
691,686,personal,11584.6,0.1368,354,active,2024-02-19
693,687,auto,3777.62,0.1121,131,active,2021-10-04
695,688,student,13119.02,0.1487,270,paid,2020-07-07
696,689,student,14992.68,0.1093,221,paid,2022-06-22
696,690,student,2285.93,0.1172,105,paid,2024-03-18
697,691,personal,14421.64,0.1412,194,defaulted,2022-08-18
700,692,auto,11314.27,0.0825,197,defaulted,2023-01-22
700,693,auto,5168.57,0.057,204,defaulted,2022-10-04
704,694,auto,15668.0,0.1309,81,defaulted,2024-02-19
705,695,auto,10145.18,0.0805,124,active,2023-01-27
705,696,auto,15748.96,0.1247,298,paid,2021-02-04
706,697,mortgage,7422.99,0.1133,67,paid,2024-09-16
706,698,personal,9468.39,0.068,28,active,2024-12-01
707,699,auto,5997.68,0.1268,77,paid,2025-03-13
707,700,personal,13340.1,0.1076,55,paid,2023-06-28
710,701,auto,8028.96,0.1089,300,active,2022-07-13
710,702,personal,7576.2,0.1309,294,active,2020-10-05
711,703,personal,8788.84,0.1499,245,defaulted,2023-09-11
711,704,personal,16231.02,0.063,324,paid,2024-01-14
713,705,student,1583.06,0.0769,114,defaulted,2022-03-18
715,706,auto,17827.7,0.107,150,defaulted,2021-02-05
715,707,mortgage,17876.51,0.1489,128,paid,2021-02-16
716,708,student,9963.74,0.1024,114,paid,2022-01-11
717,709,auto,15872.04,0.0527,110,paid,2024-05-04
719,710,student,15780.11,0.1258,359,defaulted,2022-11-14
719,711,personal,9814.99,0.0848,62,active,2021-04-21
721,712,student,17849.56,0.141,60,paid,2023-01-31
722,713,auto,12217.94,0.0514,127,defaulted,2022-09-19
722,714,mortgage,6289.31,0.0791,298,defaulted,2021-04-04
723,715,auto,13843.52,0.1494,131,defaulted,2020-07-15
726,716,personal,14172.81,0.1179,178,paid,2022-01-17
726,717,personal,9359.18,0.1164,280,paid,2022-11-29
727,718,student,13052.88,0.0676,175,defaulted,2025-03-21
731,719,mortgage,11267.64,0.1017,343,active,2024-03-20
732,720,student,6601.05,0.0998,316,paid,2022-09-09
734,721,personal,8584.99,0.1144,346,defaulted,2022-02-22
734,722,personal,6879.58,0.144,15,paid,2020-05-15
735,723,auto,22519.26,0.113,265,paid,2020-12-04
737,724,auto,5980.69,0.0839,323,active,2024-08-06
737,725,auto,8930.02,0.0604,276,active,2020-12-07
738,726,mortgage,18000.6,0.1344,283,defaulted,2020-11-21
738,727,student,9916.15,0.066,339,defaulted,2024-07-07
739,728,personal,10496.7,0.1023,78,defaulted,2023-06-26
739,729,student,12238.63,0.0598,198,active,2022-11-21
740,730,mortgage,8894.71,0.1014,181,active,2021-02-18
742,731,auto,11096.68,0.148,320,paid,2022-08-05
745,732,personal,14654.39,0.108,257,active,2022-08-05
745,733,mortgage,14688.55,0.0845,122,paid,2022-08-04
747,734,personal,3044.18,0.0661,73,defaulted,2021-01-24
747,735,mortgage,8767.41,0.101,99,paid,2021-11-03
748,736,mortgage,6172.03,0.0807,231,paid,2020-07-23
748,737,student,9455.93,0.0855,338,active,2021-06-14
749,738,auto,8859.06,0.1046,27,defaulted,2021-12-03
750,739,mortgage,3816.27,0.0523,88,defaulted,2022-11-15
752,740,personal,18537.63,0.1482,106,defaulted,2022-11-16
756,741,auto,11567.02,0.1343,321,active,2023-09-06
756,742,personal,16508.05,0.0756,171,active,2020-09-10
757,743,student,1000.0,0.135,285,active,2024-06-29
757,744,auto,17040.79,0.1449,17,paid,2021-12-24
761,745,student,6764.72,0.0593,67,defaulted,2021-05-12
763,746,mortgage,5233.56,0.133,143,defaulted,2023-12-01
764,747,mortgage,19632.15,0.0963,315,active,2024-08-04
765,748,student,11303.32,0.0577,27,defaulted,2023-01-03
767,749,student,7153.32,0.1444,252,active,2020-11-27
767,750,auto,14080.6,0.0541,60,paid,2024-03-12
768,751,personal,7477.85,0.121,282,paid,2021-01-25
769,752,auto,5261.34,0.1485,328,paid,2024-04-13
771,753,personal,16382.95,0.1395,320,active,2020-12-13
771,754,personal,6430.03,0.0885,57,active,2024-09-04
772,755,student,16586.96,0.0678,289,paid,2022-02-18
775,756,mortgage,10569.57,0.1102,88,defaulted,2022-12-03
776,757,mortgage,5775.46,0.1311,296,active,2024-04-23
778,758,mortgage,10655.1,0.0718,175,paid,2020-08-28
778,759,mortgage,1662.81,0.1256,298,paid,2024-02-24
780,760,personal,10198.09,0.1296,39,paid,2020-04-14
780,761,mortgage,5699.66,0.1437,292,active,2021-12-04
781,762,student,8270.04,0.0998,164,paid,2023-11-10
781,763,student,10807.9,0.1185,145,active,2022-07-21
782,764,auto,10103.29,0.143,283,defaulted,2021-07-17
783,765,auto,6108.31,0.1455,205,active,2022-01-29
783,766,personal,12731.51,0.0993,59,paid,2023-09-10
785,767,student,15387.71,0.1384,291,active,2024-04-15
785,768,personal,1000.0,0.0841,79,paid,2021-10-28
786,769,auto,4224.93,0.1042,358,defaulted,2020-10-12
787,770,mortgage,12728.95,0.0924,161,paid,2022-01-13
787,771,auto,1767.63,0.0779,251,active,2021-08-27
788,772,personal,11560.03,0.1124,63,paid,2022-08-12
788,773,mortgage,2509.98,0.1466,346,paid,2024-03-20
789,774,mortgage,17792.68,0.1413,354,active,2021-03-27
789,775,student,14831.94,0.1254,288,defaulted,2023-10-16
790,776,personal,8532.72,0.0661,250,defaulted,2023-04-01
791,777,auto,11284.53,0.1363,168,defaulted,2023-05-10
791,778,mortgage,6281.14,0.0635,64,defaulted,2025-01-07
792,779,mortgage,7167.34,0.1428,27,defaulted,2022-10-17
793,780,auto,7700.02,0.1147,118,defaulted,2023-01-06
794,781,auto,1000.0,0.0557,229,defaulted,2020-05-06
795,782,mortgage,14940.51,0.1229,24,active,2022-11-05
795,783,student,23195.79,0.0685,195,paid,2020-05-16
796,784,personal,11071.35,0.0914,330,active,2021-01-17
796,785,student,6822.98,0.083,160,paid,2023-01-13
797,786,mortgage,3204.18,0.0751,41,active,2022-01-10
798,787,auto,16906.6,0.0505,332,paid,2024-10-02
798,788,mortgage,14628.53,0.0721,224,paid,2024-08-04
800,789,mortgage,1000.0,0.1256,307,defaulted,2020-09-19
800,790,personal,2202.58,0.0901,187,paid,2022-11-15
801,791,personal,15165.41,0.1209,22,active,2022-08-29
803,792,mortgage,16777.42,0.0968,96,defaulted,2020-05-16
803,793,personal,6872.55,0.0898,194,defaulted,2025-01-26
804,794,student,6157.37,0.1088,334,defaulted,2020-08-17
804,795,student,14001.1,0.1338,201,defaulted,2024-08-30
806,796,personal,18853.0,0.1492,221,paid,2024-10-29
808,797,student,15714.1,0.091,143,paid,2020-07-15
810,798,personal,10802.9,0.0826,257,defaulted,2022-04-30
811,799,auto,19334.09,0.1191,203,active,2024-09-06
811,800,student,7540.03,0.1455,334,paid,2023-08-20
814,801,student,16547.46,0.0584,14,paid,2022-04-15
814,802,auto,9965.95,0.1385,43,paid,2024-09-30
815,803,personal,10615.08,0.0764,268,defaulted,2020-08-18
816,804,auto,15127.13,0.1201,332,active,2020-12-24
816,805,personal,12207.81,0.0621,23,paid,2020-04-27
818,806,auto,7156.2,0.0944,30,paid,2020-12-12
819,807,auto,9515.38,0.0889,299,paid,2023-11-12
819,808,auto,16349.97,0.0851,342,active,2023-08-20
821,809,auto,1675.59,0.0574,245,paid,2023-01-18
821,810,mortgage,9364.94,0.1164,60,defaulted,2021-01-31
822,811,auto,14496.82,0.1489,46,defaulted,2023-10-16
826,812,auto,7071.44,0.103,116,defaulted,2021-10-31
826,813,personal,1954.04,0.123,248,paid,2024-04-19
828,814,auto,12165.01,0.0923,137,paid,2022-05-10
829,815,auto,7514.64,0.1197,166,paid,2021-02-17
832,816,personal,3221.58,0.064,204,paid,2024-09-04
832,817,student,6726.76,0.1016,337,active,2020-10-16
834,818,auto,11017.31,0.1036,14,defaulted,2022-06-05
834,819,mortgage,4848.39,0.1452,119,paid,2022-06-01
835,820,personal,15563.77,0.1487,22,paid,2023-06-24
836,821,mortgage,20867.94,0.1388,159,active,2023-08-19
837,822,mortgage,1000.0,0.1486,126,paid,2024-09-24
837,823,auto,8848.23,0.0645,92,active,2024-10-21
838,824,auto,11615.93,0.1213,342,paid,2024-07-09
840,825,personal,8259.26,0.0825,159,active,2021-01-05
841,826,mortgage,12500.65,0.0847,177,defaulted,2022-09-13
842,827,student,19644.32,0.0913,259,paid,2022-04-02
843,828,mortgage,14077.41,0.0962,22,defaulted,2020-05-08
844,829,student,4581.91,0.0861,200,defaulted,2024-01-31
844,830,mortgage,9251.49,0.0695,125,paid,2024-04-07
845,831,auto,8445.01,0.1397,252,paid,2022-11-09
845,832,personal,1000.0,0.1047,55,paid,2023-04-13
846,833,auto,5094.3,0.0725,319,paid,2024-08-10
847,834,mortgage,16476.16,0.0934,305,paid,2020-08-14
848,835,student,19524.2,0.1325,46,active,2020-07-08
849,836,personal,14887.81,0.0935,15,paid,2024-02-01
850,837,student,15429.84,0.0638,270,paid,2020-06-16
851,838,personal,10490.45,0.075,189,paid,2023-11-03
852,839,student,13904.3,0.0917,239,paid,2024-03-19
855,840,mortgage,2374.74,0.1248,196,paid,2021-08-26
858,841,personal,6616.85,0.0896,260,paid,2022-09-03
864,842,personal,4384.82,0.1319,208,defaulted,2021-06-09
864,843,auto,14315.9,0.1006,259,paid,2023-10-19
865,844,mortgage,7841.19,0.0849,251,active,2022-05-20
866,845,personal,15891.73,0.0796,58,active,2020-07-12
866,846,auto,14723.13,0.1467,358,paid,2021-05-12
867,847,student,9455.84,0.0604,260,defaulted,2024-03-25
867,848,auto,13117.34,0.0882,232,defaulted,2021-09-30
868,849,mortgage,1912.46,0.0569,107,active,2021-02-18
869,850,auto,9172.93,0.0941,107,paid,2022-03-01
869,851,mortgage,1768.57,0.0997,71,active,2020-10-10
870,852,auto,13846.12,0.1183,248,active,2023-01-04
870,853,student,6539.87,0.1441,112,defaulted,2024-09-26
871,854,personal,15524.54,0.0626,60,paid,2023-11-12
874,855,mortgage,4990.49,0.1299,81,active,2021-05-31
874,856,personal,5886.83,0.102,169,paid,2021-04-04
875,857,mortgage,8423.63,0.1158,163,active,2022-12-01
877,858,personal,10773.31,0.0635,207,active,2020-08-10
877,859,auto,18949.38,0.1052,238,paid,2024-11-16
878,860,auto,6075.02,0.1094,181,paid,2020-07-21
880,861,auto,5157.19,0.0561,77,paid,2020-12-23
880,862,student,12229.32,0.1377,270,active,2021-12-25
881,863,student,8245.32,0.119,235,defaulted,2022-01-13
881,864,student,8902.61,0.0501,191,paid,2020-03-27
882,865,mortgage,1000.0,0.1258,119,defaulted,2020-10-02
884,866,auto,16659.38,0.0579,143,paid,2022-06-05
884,867,mortgage,11108.74,0.0935,30,paid,2024-06-19
885,868,auto,1438.85,0.0552,132,paid,2022-02-26
886,869,mortgage,7624.49,0.1036,133,defaulted,2023-06-08
888,870,personal,3442.21,0.068,165,defaulted,2024-12-27
888,871,mortgage,15132.86,0.1245,181,paid,2020-09-14
889,872,auto,6772.12,0.0665,63,active,2021-02-23
890,873,student,9639.8,0.1451,189,defaulted,2022-03-21
890,874,student,9274.75,0.0747,278,active,2024-11-15
892,875,mortgage,12285.95,0.0518,285,paid,2020-06-09
892,876,student,5168.02,0.1229,272,defaulted,2023-08-08
893,877,student,13356.42,0.0578,176,paid,2025-01-01
893,878,student,2241.85,0.0592,322,active,2020-03-22
894,879,personal,1055.9,0.0832,82,paid,2020-10-13
894,880,student,7907.43,0.0829,216,paid,2021-05-21
895,881,student,15345.95,0.1214,191,paid,2024-10-09
895,882,auto,14196.17,0.0533,133,active,2023-07-21
896,883,auto,3638.23,0.1128,192,active,2021-06-24
897,884,student,8619.19,0.0782,298,paid,2023-08-24
897,885,student,19534.62,0.0894,353,defaulted,2023-04-15
898,886,auto,10754.22,0.1417,66,active,2023-07-09
898,887,mortgage,8052.13,0.103,200,paid,2022-08-25
899,888,auto,12978.64,0.1423,142,paid,2020-04-05
899,889,mortgage,6331.93,0.1167,304,defaulted,2022-07-21
901,890,personal,5888.16,0.1118,321,defaulted,2023-12-03
902,891,personal,14311.71,0.1005,348,active,2021-06-21
902,892,student,13853.04,0.0694,234,active,2024-12-16
904,893,personal,2101.2,0.1055,335,active,2022-05-02
908,894,personal,9635.09,0.1055,18,active,2025-01-18
908,895,personal,8059.05,0.0766,99,defaulted,2022-10-08
909,896,auto,1000.0,0.0619,344,paid,2021-07-11
910,897,personal,1000.0,0.0907,258,defaulted,2023-06-28
911,898,student,14302.64,0.077,148,paid,2023-10-31
913,899,personal,15171.51,0.1273,47,paid,2022-07-24
913,900,auto,6963.55,0.1152,150,defaulted,2024-11-03
914,901,auto,13709.8,0.0733,61,paid,2023-07-29
914,902,student,7574.85,0.1185,253,defaulted,2020-09-05
916,903,student,7802.48,0.1035,129,active,2022-09-13
916,904,mortgage,18626.66,0.1079,176,paid,2020-08-20
917,905,student,13695.9,0.1148,359,defaulted,2024-01-23
918,906,personal,11138.04,0.1395,183,defaulted,2022-11-20
919,907,auto,15118.99,0.0589,358,active,2024-12-30
919,908,mortgage,13953.24,0.057,39,defaulted,2024-07-16
921,909,auto,16488.18,0.0545,177,defaulted,2022-09-16
921,910,auto,7134.17,0.115,45,paid,2022-10-24
922,911,auto,5655.29,0.1194,152,defaulted,2023-02-05
922,912,auto,18342.96,0.1189,347,defaulted,2023-03-23
923,913,auto,8843.85,0.1095,116,defaulted,2024-12-22
925,914,mortgage,14540.69,0.1115,350,paid,2021-04-11
925,915,auto,7243.55,0.0704,237,active,2021-08-07
927,916,personal,3587.51,0.0946,196,active,2020-07-16
928,917,personal,13016.87,0.1058,136,active,2020-06-20
928,918,student,9666.25,0.1388,96,paid,2023-04-02
929,919,mortgage,11536.03,0.0765,329,paid,2025-03-13
930,920,student,6323.49,0.1015,285,defaulted,2020-05-19
930,921,mortgage,8957.43,0.0824,266,defaulted,2020-03-26
931,922,student,12125.89,0.0639,332,paid,2022-08-10
932,923,auto,13828.48,0.1106,118,defaulted,2022-10-11
932,924,auto,13158.37,0.0951,288,active,2022-01-01
933,925,auto,8311.82,0.0797,170,defaulted,2024-09-10
933,926,student,10235.22,0.0632,131,active,2021-02-26
935,927,mortgage,13608.96,0.1391,176,paid,2021-03-16
936,928,personal,13663.52,0.1098,88,active,2020-08-05
939,929,auto,17508.58,0.128,349,paid,2022-05-21
940,930,student,8471.53,0.0797,22,active,2021-11-27
940,931,personal,12355.77,0.0971,111,active,2020-08-02
943,932,student,8743.84,0.0957,154,active,2024-05-11
943,933,mortgage,9801.55,0.1077,315,defaulted,2022-11-24
944,934,auto,7497.15,0.0597,189,paid,2022-07-10
945,935,personal,6207.25,0.0923,339,defaulted,2023-09-23
947,936,mortgage,12920.25,0.121,82,paid,2021-12-18
947,937,student,8716.7,0.0998,89,active,2023-08-17
948,938,mortgage,5299.71,0.1393,261,defaulted,2025-01-15
948,939,mortgage,9680.5,0.0687,66,paid,2024-02-08
949,940,student,21834.94,0.1087,320,paid,2020-11-03
950,941,student,13051.85,0.1368,327,defaulted,2023-12-08
951,942,personal,14346.8,0.0504,53,active,2023-08-31
951,943,mortgage,18041.87,0.0717,121,defaulted,2023-06-17
952,944,student,23582.02,0.1124,266,active,2022-05-08
953,945,mortgage,1000.0,0.1142,319,paid,2024-09-26
953,946,personal,12041.17,0.0618,223,active,2022-08-15
954,947,auto,6499.91,0.0683,341,active,2022-06-07
954,948,auto,12336.59,0.1478,248,paid,2021-12-24
956,949,auto,14547.08,0.1192,127,paid,2020-11-23
956,950,auto,1000.0,0.1119,85,active,2021-04-22
957,951,personal,7517.91,0.1062,30,defaulted,2024-06-22
958,952,mortgage,12721.1,0.0537,105,paid,2023-05-18
959,953,personal,11307.22,0.1174,281,defaulted,2022-07-31
959,954,personal,6648.09,0.1065,341,active,2022-12-26
960,955,student,10261.23,0.0652,154,paid,2023-11-09
962,956,personal,16032.03,0.1135,113,defaulted,2020-05-24
967,957,auto,10133.29,0.1055,132,defaulted,2022-11-20
968,958,mortgage,15894.4,0.0585,352,paid,2020-08-28
969,959,student,9855.39,0.0714,102,active,2023-12-31
969,960,personal,3720.73,0.1395,131,defaulted,2024-02-18
970,961,personal,1000.0,0.0849,221,defaulted,2023-09-30
972,962,auto,8302.98,0.1047,341,active,2022-09-12
973,963,mortgage,1000.0,0.0991,254,active,2024-05-01
974,964,student,10257.5,0.0674,39,defaulted,2020-07-29
974,965,mortgage,12058.13,0.1446,329,active,2020-08-27
975,966,student,5464.26,0.0926,114,paid,2025-01-01
975,967,personal,3523.46,0.0605,38,active,2023-08-04
976,968,student,2526.79,0.0625,306,defaulted,2023-01-02
976,969,student,15678.16,0.138,96,active,2022-08-14
978,970,personal,1000.0,0.0977,51,defaulted,2020-05-14
978,971,student,12019.63,0.1308,282,active,2024-02-23
982,972,mortgage,11418.83,0.1331,237,paid,2023-01-19
982,973,student,6700.18,0.0965,59,defaulted,2021-10-27
983,974,student,7406.67,0.1351,321,defaulted,2020-06-30
984,975,mortgage,4587.52,0.0596,278,active,2022-12-27
986,976,personal,12165.51,0.0547,27,paid,2021-03-26
986,977,mortgage,8305.43,0.0877,244,active,2024-09-15
987,978,auto,15786.79,0.0988,183,active,2020-05-07
988,979,mortgage,15506.54,0.0755,322,defaulted,2021-04-10
988,980,student,7029.63,0.0863,309,active,2022-01-06
989,981,personal,13969.37,0.084,176,active,2021-06-11
990,982,personal,9491.83,0.0805,68,active,2021-09-27
993,983,auto,3015.75,0.1199,88,defaulted,2020-08-18
993,984,student,7621.08,0.0929,28,paid,2022-08-05
997,985,student,8710.75,0.1401,174,active,2025-01-11
998,986,student,21902.25,0.0776,212,paid,2025-02-11
998,987,personal,13682.69,0.1399,88,active,2020-12-09
999,988,student,9161.94,0.1412,104,defaulted,2024-03-27
1000,989,personal,4690.11,0.0604,95,paid,2023-12-30
